<?xml version = '1.0' encoding = 'UTF-8'?>
<Relation class="oracle.dbtools.crest.model.design.logical.Relation" name="EXACT_TOUR" directorySegmentName="seg_0" id="05A38568-389F-07E8-79D0-0880109E56E4">
<createdBy>MIKE</createdBy>
<createdTime>2022-04-24 07:56:57 UTC</createdTime>
<ownerDesignName>Logical_Model</ownerDesignName>
<engineerTo>
<item key="CD2C478E-C833-81A6-5865-DB699788D5B1" value="true"/>
</engineerTo>
<sourcePk>D3E91B83-03EE-A0E6-373C-325DC681F36D</sourcePk>
<identifying>true</identifying>
<nameOnSource>at</nameOnSource>
<nameOnTarget> </nameOnTarget>
<optionalSource>false</optionalSource>
<optionalTarget>false</optionalTarget>
<sourceCardinality>1</sourceCardinality>
<sourceEntity>335605E6-7378-E4F1-FB5D-00F57FBF7165</sourceEntity>
<targetCardinalityString>*</targetCardinalityString>
<targetEntity>902C0366-926F-D6D6-6F4D-76532AC8B8EA</targetEntity>
<transferable>true</transferable>
<deleteRule>NO ACTION</deleteRule>
</Relation>
