<?xml version = '1.0' encoding = 'UTF-8'?>
<Relation class="oracle.dbtools.crest.model.design.logical.Relation" name="CABIN_MANIFEST" directorySegmentName="seg_0" id="0B1F72B3-DDE3-5D27-B207-AA1682745A12">
<createdBy>MIKE</createdBy>
<createdTime>2022-04-24 07:17:03 UTC</createdTime>
<ownerDesignName>Logical_Model</ownerDesignName>
<engineerTo>
<item key="2C0023F1-8BDE-5239-DEA7-82C82881DDE8" value="true"/>
<item key="CD2C478E-C833-81A6-5865-DB699788D5B1" value="true"/>
</engineerTo>
<sourcePk>33534E25-3A14-D253-19E0-64BEB53ED37F</sourcePk>
<identifying>true</identifying>
<nameOnSource>record</nameOnSource>
<nameOnTarget> </nameOnTarget>
<optionalSource>true</optionalSource>
<optionalTarget>false</optionalTarget>
<sourceCardinality>1</sourceCardinality>
<sourceEntity>9293BDB5-DCB0-2C79-4E06-C5DE452107B9</sourceEntity>
<targetCardinalityString>*</targetCardinalityString>
<targetEntity>8D50B5BD-DDBE-065C-74E7-3DABC86B9C66</targetEntity>
<transferable>true</transferable>
<deleteRule>NO ACTION</deleteRule>
</Relation>
