<?xml version = '1.0' encoding = 'UTF-8'?>
<Relation class="oracle.dbtools.crest.model.design.logical.Relation" name="SHIP_CRUISE" directorySegmentName="seg_0" id="16EDE09A-909E-4A09-FE37-0BCB52A6F52E">
<createdBy>MIKE</createdBy>
<createdTime>2022-04-24 07:08:20 UTC</createdTime>
<ownerDesignName>Logical_Model</ownerDesignName>
<engineerTo>
<item key="2C0023F1-8BDE-5239-DEA7-82C82881DDE8" value="true"/>
<item key="CD2C478E-C833-81A6-5865-DB699788D5B1" value="true"/>
</engineerTo>
<sourcePk>D6B14D64-39A6-46EA-4457-9D045FF0FCF2</sourcePk>
<identifying>false</identifying>
<nameOnSource>assigned</nameOnSource>
<nameOnTarget> </nameOnTarget>
<optionalSource>true</optionalSource>
<optionalTarget>false</optionalTarget>
<sourceCardinality>1</sourceCardinality>
<sourceEntity>C522EDF6-2A05-785F-55AB-5B497002A6CB</sourceEntity>
<targetCardinalityString>*</targetCardinalityString>
<targetEntity>94F0E2F3-4D2B-D94D-BFFC-E43377986810</targetEntity>
<transferable>true</transferable>
<deleteRule>NO ACTION</deleteRule>
</Relation>
