<?xml version = '1.0' encoding = 'UTF-8'?>
<Relation class="oracle.dbtools.crest.model.design.logical.Relation" name="PORT_TOUR_AVAILABE" directorySegmentName="seg_0" id="2E3697C0-D71D-B178-2E2E-240C6A499340">
<createdBy>MIKE</createdBy>
<createdTime>2022-04-24 07:55:00 UTC</createdTime>
<ownerDesignName>Logical_Model</ownerDesignName>
<engineerTo>
<item key="CD2C478E-C833-81A6-5865-DB699788D5B1" value="true"/>
</engineerTo>
<sourcePk>BCC8861F-4DB6-652C-F59F-D79A69C6B48B</sourcePk>
<identifying>true</identifying>
<nameOnSource>provide</nameOnSource>
<nameOnTarget> </nameOnTarget>
<optionalSource>false</optionalSource>
<optionalTarget>false</optionalTarget>
<sourceCardinality>1</sourceCardinality>
<sourceEntity>08C737A0-9DE5-8C2C-48AA-4C49FC825A53</sourceEntity>
<targetCardinalityString>*</targetCardinalityString>
<targetEntity>335605E6-7378-E4F1-FB5D-00F57FBF7165</targetEntity>
<transferable>true</transferable>
<deleteRule>NO ACTION</deleteRule>
</Relation>
