<?xml version = '1.0' encoding = 'UTF-8'?>
<Relation class="oracle.dbtools.crest.model.design.logical.Relation" name="COUNTRY_SHIP" directorySegmentName="seg_0" id="3F397DAC-BF4B-76E5-AADD-9C2B9675B09E">
<createdBy>MIKE</createdBy>
<createdTime>2022-04-24 07:49:04 UTC</createdTime>
<ownerDesignName>Logical_Model</ownerDesignName>
<engineerTo>
<item key="CD2C478E-C833-81A6-5865-DB699788D5B1" value="true"/>
</engineerTo>
<sourcePk>6FDAA69E-977D-4785-E80F-C9FEF2C06E87</sourcePk>
<identifying>false</identifying>
<nameOnSource>categories</nameOnSource>
<nameOnTarget> </nameOnTarget>
<optionalSource>true</optionalSource>
<optionalTarget>false</optionalTarget>
<sourceCardinality>1</sourceCardinality>
<sourceEntity>4FD5C166-E1D4-ED40-11A9-52598196B257</sourceEntity>
<targetCardinalityString>*</targetCardinalityString>
<targetEntity>C522EDF6-2A05-785F-55AB-5B497002A6CB</targetEntity>
<transferable>true</transferable>
<deleteRule>NO ACTION</deleteRule>
</Relation>