<?xml version = '1.0' encoding = 'UTF-8'?>
<Relation class="oracle.dbtools.crest.model.design.logical.Relation" name="TOUR_LANGUAGE" directorySegmentName="seg_0" id="428E0BAE-E9E9-17F3-2B00-3344104102B8">
<createdBy>MIKE</createdBy>
<createdTime>2022-04-24 08:35:56 UTC</createdTime>
<ownerDesignName>Logical_Model</ownerDesignName>
<engineerTo>
<item key="CD2C478E-C833-81A6-5865-DB699788D5B1" value="true"/>
</engineerTo>
<sourcePk>D3E91B83-03EE-A0E6-373C-325DC681F36D</sourcePk>
<identifying>true</identifying>
<nameOnSource>provide</nameOnSource>
<nameOnTarget> </nameOnTarget>
<optionalSource>false</optionalSource>
<optionalTarget>false</optionalTarget>
<sourceCardinality>1</sourceCardinality>
<sourceEntity>335605E6-7378-E4F1-FB5D-00F57FBF7165</sourceEntity>
<targetCardinalityString>*</targetCardinalityString>
<targetEntity>A6798D7F-A9D5-9B30-E1A3-B29FF8AF4709</targetEntity>
<transferable>true</transferable>
<deleteRule>NO ACTION</deleteRule>
</Relation>
