<?xml version = '1.0' encoding = 'UTF-8'?>
<Relation class="oracle.dbtools.crest.model.design.logical.Relation" name="SHIP_CABIN" directorySegmentName="seg_0" id="4EB66D0D-4167-CC98-8F80-CE06C303E5DB">
<createdBy>MIKE</createdBy>
<createdTime>2022-04-24 07:00:41 UTC</createdTime>
<ownerDesignName>Logical_Model</ownerDesignName>
<engineerTo>
<item key="2C0023F1-8BDE-5239-DEA7-82C82881DDE8" value="true"/>
<item key="CD2C478E-C833-81A6-5865-DB699788D5B1" value="true"/>
</engineerTo>
<sourcePk>D6B14D64-39A6-46EA-4457-9D045FF0FCF2</sourcePk>
<identifying>true</identifying>
<nameOnSource>has</nameOnSource>
<nameOnTarget> </nameOnTarget>
<optionalSource>false</optionalSource>
<optionalTarget>false</optionalTarget>
<sourceCardinality>1</sourceCardinality>
<sourceEntity>C522EDF6-2A05-785F-55AB-5B497002A6CB</sourceEntity>
<targetCardinalityString>*</targetCardinalityString>
<targetEntity>9293BDB5-DCB0-2C79-4E06-C5DE452107B9</targetEntity>
<transferable>true</transferable>
<deleteRule>NO ACTION</deleteRule>
</Relation>
