<?xml version = '1.0' encoding = 'UTF-8'?>
<Relation class="oracle.dbtools.crest.model.design.logical.Relation" name="TOUR_PARTICIPANT" directorySegmentName="seg_0" id="5037B200-4EF5-17CF-6DF3-5E2470266FFD">
<createdBy>MIKE</createdBy>
<createdTime>2022-04-25 00:56:33 UTC</createdTime>
<ownerDesignName>Logical_Model</ownerDesignName>
<engineerTo>
<item key="2C0023F1-8BDE-5239-DEA7-82C82881DDE8" value="true"/>
</engineerTo>
<sourcePk>4A3337E9-E806-5090-1A04-386C082E93D7</sourcePk>
<identifying>false</identifying>
<nameOnSource> </nameOnSource>
<nameOnTarget>go_to </nameOnTarget>
<optionalSource>true</optionalSource>
<optionalTarget>false</optionalTarget>
<sourceCardinality>1</sourceCardinality>
<sourceEntity>902C0366-926F-D6D6-6F4D-76532AC8B8EA</sourceEntity>
<targetCardinalityString>*</targetCardinalityString>
<targetEntity>637A299C-C923-D5EE-7627-84FCF379E59C</targetEntity>
<transferable>true</transferable>
<deleteRule>NO ACTION</deleteRule>
</Relation>
