<?xml version = '1.0' encoding = 'UTF-8'?>
<Relation class="oracle.dbtools.crest.model.design.logical.Relation" name="GUARDIAN" directorySegmentName="seg_0" id="60934038-365C-B0AF-390A-C307656F15F6">
<createdBy>MIKE</createdBy>
<createdTime>2022-04-24 07:30:18 UTC</createdTime>
<ownerDesignName>Logical_Model</ownerDesignName>
<engineerTo>
<item key="CD2C478E-C833-81A6-5865-DB699788D5B1" value="true"/>
</engineerTo>
<sourcePk>23A06E43-FB87-29B4-781D-07F26E0AB915</sourcePk>
<targetPk>23A06E43-FB87-29B4-781D-07F26E0AB915</targetPk>
<identifying>false</identifying>
<nameOnSource>guardian_of</nameOnSource>
<optionalSource>true</optionalSource>
<optionalTarget>true</optionalTarget>
<sourceCardinality>1</sourceCardinality>
<sourceEntity>83CA5FB3-2EC0-DA57-74B3-966E2F211274</sourceEntity>
<targetCardinalityString>*</targetCardinalityString>
<targetEntity>83CA5FB3-2EC0-DA57-74B3-966E2F211274</targetEntity>
<transferable>true</transferable>
<deleteRule>NO ACTION</deleteRule>
</Relation>
