<?xml version = '1.0' encoding = 'UTF-8'?>
<Relation class="oracle.dbtools.crest.model.design.logical.Relation" name="PORT_TEMPERATURE" directorySegmentName="seg_0" id="65562F3F-07CE-45C6-BE9E-D76B542A0AE5">
<createdBy>MIKE</createdBy>
<createdTime>2022-04-24 07:58:44 UTC</createdTime>
<ownerDesignName>Logical_Model</ownerDesignName>
<engineerTo>
<item key="2C0023F1-8BDE-5239-DEA7-82C82881DDE8" value="true"/>
<item key="CD2C478E-C833-81A6-5865-DB699788D5B1" value="true"/>
</engineerTo>
<sourcePk>BCC8861F-4DB6-652C-F59F-D79A69C6B48B</sourcePk>
<identifying>true</identifying>
<nameOnSource>records</nameOnSource>
<nameOnTarget> </nameOnTarget>
<optionalSource>false</optionalSource>
<optionalTarget>false</optionalTarget>
<sourceCardinality>1</sourceCardinality>
<sourceEntity>08C737A0-9DE5-8C2C-48AA-4C49FC825A53</sourceEntity>
<targetCardinalityString>*</targetCardinalityString>
<targetEntity>FB5683DF-AC5E-B666-5000-C040E3E80865</targetEntity>
<transferable>true</transferable>
<deleteRule>NO ACTION</deleteRule>
</Relation>
