<?xml version = '1.0' encoding = 'UTF-8'?>
<Relation class="oracle.dbtools.crest.model.design.logical.Relation" name="COUNTRY_PASSENGER" directorySegmentName="seg_0" id="7AF40F52-1516-8690-BCA0-47AAEB8296C8">
<createdBy>MIKE</createdBy>
<createdTime>2022-04-24 07:51:16 UTC</createdTime>
<ownerDesignName>Logical_Model</ownerDesignName>
<engineerTo>
<item key="CD2C478E-C833-81A6-5865-DB699788D5B1" value="true"/>
</engineerTo>
<sourcePk>6FDAA69E-977D-4785-E80F-C9FEF2C06E87</sourcePk>
<identifying>false</identifying>
<nameOnSource>from</nameOnSource>
<nameOnTarget> </nameOnTarget>
<optionalSource>false</optionalSource>
<optionalTarget>false</optionalTarget>
<sourceCardinality>1</sourceCardinality>
<sourceEntity>4FD5C166-E1D4-ED40-11A9-52598196B257</sourceEntity>
<targetCardinalityString>*</targetCardinalityString>
<targetEntity>83CA5FB3-2EC0-DA57-74B3-966E2F211274</targetEntity>
<transferable>true</transferable>
<deleteRule>NO ACTION</deleteRule>
</Relation>