<?xml version = '1.0' encoding = 'UTF-8'?>
<Relation class="oracle.dbtools.crest.model.design.logical.Relation" name="COUNTRY_PORT" directorySegmentName="seg_0" id="894635E8-090F-11AB-2D2E-8ADF117F2401">
<createdBy>MIKE</createdBy>
<createdTime>2022-04-24 07:47:06 UTC</createdTime>
<ownerDesignName>Logical_Model</ownerDesignName>
<engineerTo>
<item key="CD2C478E-C833-81A6-5865-DB699788D5B1" value="true"/>
</engineerTo>
<sourcePk>6FDAA69E-977D-4785-E80F-C9FEF2C06E87</sourcePk>
<identifying>false</identifying>
<nameOnSource>categories </nameOnSource>
<nameOnTarget> </nameOnTarget>
<optionalSource>true</optionalSource>
<optionalTarget>false</optionalTarget>
<sourceCardinality>1</sourceCardinality>
<sourceEntity>4FD5C166-E1D4-ED40-11A9-52598196B257</sourceEntity>
<targetCardinalityString>*</targetCardinalityString>
<targetEntity>08C737A0-9DE5-8C2C-48AA-4C49FC825A53</targetEntity>
<transferable>true</transferable>
<deleteRule>NO ACTION</deleteRule>
</Relation>