<?xml version = '1.0' encoding = 'UTF-8'?>
<Relation class="oracle.dbtools.crest.model.design.logical.Relation" name="PORT_TRIP" directorySegmentName="seg_0" id="8B222182-F434-D3D5-0B6B-0CF73B79B55C">
<createdBy>MIKE</createdBy>
<createdTime>2022-04-24 07:36:12 UTC</createdTime>
<ownerDesignName>Logical_Model</ownerDesignName>
<engineerTo>
<item key="CD2C478E-C833-81A6-5865-DB699788D5B1" value="true"/>
</engineerTo>
<sourcePk>BCC8861F-4DB6-652C-F59F-D79A69C6B48B</sourcePk>
<identifying>true</identifying>
<nameOnSource> </nameOnSource>
<nameOnTarget>stops_at</nameOnTarget>
<optionalSource>false</optionalSource>
<optionalTarget>false</optionalTarget>
<sourceCardinality>1</sourceCardinality>
<sourceEntity>08C737A0-9DE5-8C2C-48AA-4C49FC825A53</sourceEntity>
<targetCardinalityString>*</targetCardinalityString>
<targetEntity>998C85A1-173C-D02A-23FE-02DB36E9FC50</targetEntity>
<transferable>true</transferable>
<deleteRule>NO ACTION</deleteRule>
</Relation>
