<?xml version = '1.0' encoding = 'UTF-8'?>
<Relation class="oracle.dbtools.crest.model.design.logical.Relation" name="PASSENGER_PARTICIPANT" directorySegmentName="seg_0" id="9522DCD7-12E8-80A3-BDFE-031BE18C70FF">
<createdBy>MIKE</createdBy>
<createdTime>2022-04-24 08:33:48 UTC</createdTime>
<ownerDesignName>Logical_Model</ownerDesignName>
<engineerTo>
<item key="2C0023F1-8BDE-5239-DEA7-82C82881DDE8" value="true"/>
</engineerTo>
<sourcePk>23A06E43-FB87-29B4-781D-07F26E0AB915</sourcePk>
<identifying>false</identifying>
<nameOnSource> </nameOnSource>
<nameOnTarget>participate</nameOnTarget>
<optionalSource>true</optionalSource>
<optionalTarget>false</optionalTarget>
<sourceCardinality>1</sourceCardinality>
<sourceEntity>83CA5FB3-2EC0-DA57-74B3-966E2F211274</sourceEntity>
<targetCardinalityString>*</targetCardinalityString>
<targetEntity>637A299C-C923-D5EE-7627-84FCF379E59C</targetEntity>
<transferable>true</transferable>
<deleteRule>NO ACTION</deleteRule>
</Relation>
