<?xml version = '1.0' encoding = 'UTF-8'?>
<Relation class="oracle.dbtools.crest.model.design.logical.Relation" name="OPERATOR_SHIP" directorySegmentName="seg_0" id="B54F5F93-AF18-E03F-1672-4B4D51D16594">
<createdBy>MIKE</createdBy>
<createdTime>2022-04-26 09:19:42 UTC</createdTime>
<ownerDesignName>Logical_Model</ownerDesignName>
<engineerTo>
<item key="2C0023F1-8BDE-5239-DEA7-82C82881DDE8" value="true"/>
<item key="CD2C478E-C833-81A6-5865-DB699788D5B1" value="true"/>
</engineerTo>
<sourcePk>EA4E2D7A-5B51-58E7-15B0-B31F71BE0F20</sourcePk>
<identifying>false</identifying>
<nameOnTarget>owns</nameOnTarget>
<optionalSource>false</optionalSource>
<optionalTarget>false</optionalTarget>
<sourceCardinality>1</sourceCardinality>
<sourceEntity>3FEB13A2-3E4D-4715-1035-3ACB8107D62A</sourceEntity>
<targetCardinalityString>*</targetCardinalityString>
<targetEntity>C522EDF6-2A05-785F-55AB-5B497002A6CB</targetEntity>
<transferable>true</transferable>
<deleteRule>NO ACTION</deleteRule>
</Relation>
