<?xml version = '1.0' encoding = 'UTF-8'?>
<Relation class="oracle.dbtools.crest.model.design.logical.Relation" name="PORT_CRUISE" directorySegmentName="seg_0" id="B675F9E6-3BD5-6968-BADF-759C1065ABE3">
<createdBy>MIKE</createdBy>
<createdTime>2022-04-24 07:35:19 UTC</createdTime>
<ownerDesignName>Logical_Model</ownerDesignName>
<engineerTo>
<item key="CD2C478E-C833-81A6-5865-DB699788D5B1" value="true"/>
</engineerTo>
<sourcePk>A6E6C905-54A9-5810-5BDA-D388CCD53F4E</sourcePk>
<identifying>true</identifying>
<nameOnSource>assigned</nameOnSource>
<nameOnTarget> </nameOnTarget>
<optionalSource>false</optionalSource>
<optionalTarget>false</optionalTarget>
<sourceCardinality>1</sourceCardinality>
<sourceEntity>94F0E2F3-4D2B-D94D-BFFC-E43377986810</sourceEntity>
<targetCardinalityString>*</targetCardinalityString>
<targetEntity>998C85A1-173C-D02A-23FE-02DB36E9FC50</targetEntity>
<transferable>true</transferable>
<deleteRule>NO ACTION</deleteRule>
</Relation>
