<?xml version = '1.0' encoding = 'UTF-8'?>
<Relation class="oracle.dbtools.crest.model.design.logical.Relation" name="CRUISE_PARTICIPANT" directorySegmentName="seg_0" id="BD9CCF4E-7635-ECFA-A08A-5A8FD84986E7">
<createdBy>MIKE</createdBy>
<createdTime>2022-04-24 08:35:09 UTC</createdTime>
<ownerDesignName>Logical_Model</ownerDesignName>
<engineerTo>
<item key="2C0023F1-8BDE-5239-DEA7-82C82881DDE8" value="true"/>
</engineerTo>
<sourcePk>A6E6C905-54A9-5810-5BDA-D388CCD53F4E</sourcePk>
<identifying>false</identifying>
<nameOnSource>in</nameOnSource>
<nameOnTarget> </nameOnTarget>
<optionalSource>true</optionalSource>
<optionalTarget>false</optionalTarget>
<sourceCardinality>1</sourceCardinality>
<sourceEntity>94F0E2F3-4D2B-D94D-BFFC-E43377986810</sourceEntity>
<targetCardinalityString>*</targetCardinalityString>
<targetEntity>637A299C-C923-D5EE-7627-84FCF379E59C</targetEntity>
<transferable>true</transferable>
<deleteRule>NO ACTION</deleteRule>
</Relation>
