<?xml version = '1.0' encoding = 'UTF-8'?>
<Relation class="oracle.dbtools.crest.model.design.logical.Relation" name="CRUISE_MANIFEST" directorySegmentName="seg_0" id="E9308B85-7172-7377-3121-E375C1428539">
<createdBy>MIKE</createdBy>
<createdTime>2022-04-24 07:17:53 UTC</createdTime>
<ownerDesignName>Logical_Model</ownerDesignName>
<engineerTo>
<item key="CD2C478E-C833-81A6-5865-DB699788D5B1" value="true"/>
</engineerTo>
<sourcePk>A6E6C905-54A9-5810-5BDA-D388CCD53F4E</sourcePk>
<identifying>true</identifying>
<nameOnSource>maintains</nameOnSource>
<nameOnTarget> </nameOnTarget>
<optionalSource>true</optionalSource>
<optionalTarget>false</optionalTarget>
<sourceCardinality>1</sourceCardinality>
<sourceEntity>94F0E2F3-4D2B-D94D-BFFC-E43377986810</sourceEntity>
<targetCardinalityString>*</targetCardinalityString>
<targetEntity>8D50B5BD-DDBE-065C-74E7-3DABC86B9C66</targetEntity>
<transferable>true</transferable>
<deleteRule>NO ACTION</deleteRule>
</Relation>
