<?xml version = '1.0' encoding = 'UTF-8'?>
<Relation class="oracle.dbtools.crest.model.design.logical.Relation" name="PASSENGER_MANIFEST" directorySegmentName="seg_0" id="FF711F90-1808-4F51-0DA2-15E25E38EC3B">
<createdBy>MIKE</createdBy>
<createdTime>2022-04-24 07:28:48 UTC</createdTime>
<ownerDesignName>Logical_Model</ownerDesignName>
<engineerTo>
<item key="CD2C478E-C833-81A6-5865-DB699788D5B1" value="true"/>
</engineerTo>
<sourcePk>23A06E43-FB87-29B4-781D-07F26E0AB915</sourcePk>
<identifying>true</identifying>
<nameOnSource>records</nameOnSource>
<nameOnTarget> </nameOnTarget>
<optionalSource>true</optionalSource>
<optionalTarget>false</optionalTarget>
<sourceCardinality>1</sourceCardinality>
<sourceEntity>83CA5FB3-2EC0-DA57-74B3-966E2F211274</sourceEntity>
<targetCardinalityString>*</targetCardinalityString>
<targetEntity>8D50B5BD-DDBE-065C-74E7-3DABC86B9C66</targetEntity>
<transferable>true</transferable>
<deleteRule>NO ACTION</deleteRule>
</Relation>
