<?xml version = '1.0' encoding = 'UTF-8'?>
<FKIndexAssociation class="oracle.dbtools.crest.model.design.relational.FKIndexAssociation" directorySegmentName="seg_0" id="20E5CFDE-4255-E7FE-9C42-ABA422E1D8E9" containerWithKeyObject="16D1D715-F453-1201-65FE-D8D70D2321DA" localFKIndex="99E55D4B-9013-732D-BD0E-55C52D0B3B7F" name="GUARDIAN">
<createdBy>MIKE</createdBy>
<createdTime>2022-04-27 02:22:32 UTC</createdTime>
<generatorID>60934038-365C-B0AF-390A-C307656F15F6</generatorID>
<ownerDesignName>Logical_Model</ownerDesignName>
<referredTableLongName>PASSENGER</referredTableLongName>
<deleteRule>NO ACTION</deleteRule>
<referredTableID>16D1D715-F453-1201-65FE-D8D70D2321DA</referredTableID>
<keyObject>54D1AF3A-CF66-9524-9A8C-2671C0CC96CA</keyObject>
<referredKeyID>54D1AF3A-CF66-9524-9A8C-2671C0CC96CA</referredKeyID>
<mandatory>false</mandatory>
<refColNames>pax_id</refColNames>
<transferable>true</transferable>
<rely>false</rely>
<columnDependencyConstraintGenerateInDDL>true</columnDependencyConstraintGenerateInDDL>
</FKIndexAssociation>
