<?xml version = '1.0' encoding = 'UTF-8'?>
<FKIndexAssociation class="oracle.dbtools.crest.model.design.relational.FKIndexAssociation" directorySegmentName="seg_0" id="266EA212-5880-E261-5BEA-2AE344621CF6" containerWithKeyObject="2DCB6930-F78E-3F39-FF05-098E0B78F2DF" localFKIndex="FEA6CF12-F96C-B1F2-3E0E-83F18E4F29FA" name="PASSENGER_PARTICIPANT">
<createdBy>sihaochen</createdBy>
<createdTime>2022-04-26 16:26:00 UTC</createdTime>
<generatorID>9522DCD7-12E8-80A3-BDFE-031BE18C70FF</generatorID>
<ownerDesignName>Logical_Model</ownerDesignName>
<referredTableLongName>PASSENGER</referredTableLongName>
<deleteRule>NO ACTION</deleteRule>
<referredTableID>16D1D715-F453-1201-65FE-D8D70D2321DA</referredTableID>
<keyObject>54D1AF3A-CF66-9524-9A8C-2671C0CC96CA</keyObject>
<referredKeyID>54D1AF3A-CF66-9524-9A8C-2671C0CC96CA</referredKeyID>
<mandatory>true</mandatory>
<refColNames>pax_id</refColNames>
<transferable>true</transferable>
<rely>false</rely>
<columnDependencyConstraintGenerateInDDL>true</columnDependencyConstraintGenerateInDDL>
</FKIndexAssociation>
