<?xml version = '1.0' encoding = 'UTF-8'?>
<FKIndexAssociation class="oracle.dbtools.crest.model.design.relational.FKIndexAssociation" directorySegmentName="seg_0" id="3A4935C2-3068-3679-9BEF-6121D490D663" containerWithKeyObject="1DFC0403-416D-02AC-14E7-DDB03036486D" localFKIndex="35342791-F5FB-EFF5-7A27-17F9152E0E48" name="PORT_TOUR_AVAILABE">
<createdBy>sihaochen</createdBy>
<createdTime>2022-04-26 16:26:00 UTC</createdTime>
<generatorID>2E3697C0-D71D-B178-2E2E-240C6A499340</generatorID>
<ownerDesignName>Logical_Model</ownerDesignName>
<referredTableLongName>PORT</referredTableLongName>
<deleteRule>NO ACTION</deleteRule>
<referredTableID>9A900E92-0524-1B01-E575-5FC77BA197D0</referredTableID>
<keyObject>1C0F367F-9684-790C-742D-201ACD90A3C1</keyObject>
<referredKeyID>1C0F367F-9684-790C-742D-201ACD90A3C1</referredKeyID>
<mandatory>true</mandatory>
<refColNames>port_code</refColNames>
<transferable>true</transferable>
<rely>false</rely>
<columnDependencyConstraintGenerateInDDL>true</columnDependencyConstraintGenerateInDDL>
</FKIndexAssociation>
