<?xml version = '1.0' encoding = 'UTF-8'?>
<FKIndexAssociation class="oracle.dbtools.crest.model.design.relational.FKIndexAssociation" directorySegmentName="seg_0" id="3A9760F9-F428-1963-CCFF-6C44976F50DA" containerWithKeyObject="AFACDEE6-BDC1-349A-C345-A18DC77717EE" localFKIndex="902EBD76-6AC6-1896-B90F-E7FDEF563D96" name="SHIP_CRUISE">
<createdBy>sihaochen</createdBy>
<createdTime>2022-04-26 16:26:00 UTC</createdTime>
<generatorID>16EDE09A-909E-4A09-FE37-0BCB52A6F52E</generatorID>
<ownerDesignName>Logical_Model</ownerDesignName>
<referredTableLongName>SHIP</referredTableLongName>
<deleteRule>NO ACTION</deleteRule>
<referredTableID>14DE9B20-F336-AFD0-C120-2FBD198BF204</referredTableID>
<keyObject>BB604EBD-4B9B-4F7B-49F7-6ABB4D9C750F</keyObject>
<referredKeyID>BB604EBD-4B9B-4F7B-49F7-6ABB4D9C750F</referredKeyID>
<mandatory>true</mandatory>
<refColNames>ship_id</refColNames>
<transferable>true</transferable>
<rely>false</rely>
<columnDependencyConstraintGenerateInDDL>true</columnDependencyConstraintGenerateInDDL>
</FKIndexAssociation>
