<?xml version = '1.0' encoding = 'UTF-8'?>
<FKIndexAssociation class="oracle.dbtools.crest.model.design.relational.FKIndexAssociation" directorySegmentName="seg_0" id="413B8CC9-4196-85F2-026C-2B6F1D1275D5" containerWithKeyObject="19EFD22A-44BF-37DD-67EA-C05E19A60ECC" localFKIndex="4BD58AB6-0CC2-4963-4ED0-F2934A6478BF" name="PORT_TRIP">
<createdBy>sihaochen</createdBy>
<createdTime>2022-04-26 16:26:00 UTC</createdTime>
<generatorID>8B222182-F434-D3D5-0B6B-0CF73B79B55C</generatorID>
<ownerDesignName>Logical_Model</ownerDesignName>
<referredTableLongName>PORT</referredTableLongName>
<deleteRule>NO ACTION</deleteRule>
<referredTableID>9A900E92-0524-1B01-E575-5FC77BA197D0</referredTableID>
<keyObject>1C0F367F-9684-790C-742D-201ACD90A3C1</keyObject>
<referredKeyID>1C0F367F-9684-790C-742D-201ACD90A3C1</referredKeyID>
<mandatory>true</mandatory>
<refColNames>port_code</refColNames>
<transferable>true</transferable>
<rely>false</rely>
<columnDependencyConstraintGenerateInDDL>true</columnDependencyConstraintGenerateInDDL>
</FKIndexAssociation>
