<?xml version = '1.0' encoding = 'UTF-8'?>
<FKIndexAssociation class="oracle.dbtools.crest.model.design.relational.FKIndexAssociation" directorySegmentName="seg_0" id="426B09D9-6363-DB54-4945-A650E0B9A495" containerWithKeyObject="16D1D715-F453-1201-65FE-D8D70D2321DA" localFKIndex="E7C2AAE6-9874-AA2D-8BE7-C50413DC5CAF" name="COUNTRY_PASSENGER">
<createdBy>sihaochen</createdBy>
<createdTime>2022-04-26 16:26:00 UTC</createdTime>
<generatorID>7AF40F52-1516-8690-BCA0-47AAEB8296C8</generatorID>
<ownerDesignName>Logical_Model</ownerDesignName>
<referredTableLongName>COUNTRY</referredTableLongName>
<deleteRule>NO ACTION</deleteRule>
<referredTableID>DE5FDB08-D607-E238-1AC4-5C4CDDD329A1</referredTableID>
<keyObject>93BF981D-D19D-1242-766B-DF8C1FB8E39F</keyObject>
<referredKeyID>93BF981D-D19D-1242-766B-DF8C1FB8E39F</referredKeyID>
<mandatory>true</mandatory>
<refColNames>ctry_code</refColNames>
<transferable>true</transferable>
<rely>false</rely>
<columnDependencyConstraintGenerateInDDL>true</columnDependencyConstraintGenerateInDDL>
</FKIndexAssociation>
