<?xml version = '1.0' encoding = 'UTF-8'?>
<FKIndexAssociation class="oracle.dbtools.crest.model.design.relational.FKIndexAssociation" directorySegmentName="seg_0" id="4D29BA9A-5022-AA50-D07F-6DC52A08AB7F" containerWithKeyObject="2DCB6930-F78E-3F39-FF05-098E0B78F2DF" localFKIndex="7A6ECB04-FA72-3477-731B-3CCB31933BF3" name="TOUR_PARTICIPANT">
<createdBy>sihaochen</createdBy>
<createdTime>2022-04-26 16:26:00 UTC</createdTime>
<generatorID>5037B200-4EF5-17CF-6DF3-5E2470266FFD</generatorID>
<ownerDesignName>Logical_Model</ownerDesignName>
<referredTableLongName>TOUR</referredTableLongName>
<deleteRule>NO ACTION</deleteRule>
<referredTableID>5FF021FE-F132-1FA2-DCCB-A1F38FEA99C0</referredTableID>
<keyObject>0B7E5B9F-C1E3-1E71-7C54-65C04398F969</keyObject>
<referredKeyID>0B7E5B9F-C1E3-1E71-7C54-65C04398F969</referredKeyID>
<mandatory>true</mandatory>
<refColNames>tour_no,port_code,tour_date</refColNames>
<transferable>true</transferable>
<rely>false</rely>
<columnDependencyConstraintGenerateInDDL>true</columnDependencyConstraintGenerateInDDL>
</FKIndexAssociation>
