<?xml version = '1.0' encoding = 'UTF-8'?>
<FKIndexAssociation class="oracle.dbtools.crest.model.design.relational.FKIndexAssociation" directorySegmentName="seg_0" id="4DCE141E-05AA-AB87-F331-826D85163509" containerWithKeyObject="E7DF4315-BC2F-7BDE-297E-B6F7D2D96E9E" localFKIndex="6F747AD6-3BAA-89F6-8D11-773599134097" name="CABIN_MANIFEST">
<createdBy>sihaochen</createdBy>
<createdTime>2022-04-26 16:25:59 UTC</createdTime>
<generatorID>0B1F72B3-DDE3-5D27-B207-AA1682745A12</generatorID>
<ownerDesignName>Logical_Model</ownerDesignName>
<referredTableLongName>CABIN</referredTableLongName>
<deleteRule>NO ACTION</deleteRule>
<referredTableID>843D947B-C1A0-5029-C357-70F018D51215</referredTableID>
<keyObject>A3D979B9-682C-25C0-D744-386F5BBC45A4</keyObject>
<referredKeyID>A3D979B9-682C-25C0-D744-386F5BBC45A4</referredKeyID>
<mandatory>true</mandatory>
<refColNames>cabin_number,ship_id</refColNames>
<transferable>true</transferable>
<rely>false</rely>
<columnDependencyConstraintGenerateInDDL>true</columnDependencyConstraintGenerateInDDL>
</FKIndexAssociation>
