<?xml version = '1.0' encoding = 'UTF-8'?>
<FKIndexAssociation class="oracle.dbtools.crest.model.design.relational.FKIndexAssociation" directorySegmentName="seg_0" id="59C50FB7-B3FB-68FE-8EF8-BE14376E0440" containerWithKeyObject="14DE9B20-F336-AFD0-C120-2FBD198BF204" localFKIndex="B7B614BF-3515-461F-DE08-1A118E061DBD" name="OPERATOR_SHIP">
<createdBy>sihaochen</createdBy>
<createdTime>2022-04-26 16:26:00 UTC</createdTime>
<generatorID>B54F5F93-AF18-E03F-1672-4B4D51D16594</generatorID>
<ownerDesignName>Logical_Model</ownerDesignName>
<referredTableLongName>OPERATOR</referredTableLongName>
<deleteRule>NO ACTION</deleteRule>
<referredTableID>A1FB0D80-D996-49B9-7B7D-8A5811EA32EE</referredTableID>
<keyObject>0229ADDE-8D7D-EC19-91FF-432B67B66B44</keyObject>
<referredKeyID>0229ADDE-8D7D-EC19-91FF-432B67B66B44</referredKeyID>
<mandatory>true</mandatory>
<refColNames>operator_id</refColNames>
<transferable>true</transferable>
<rely>false</rely>
<columnDependencyConstraintGenerateInDDL>true</columnDependencyConstraintGenerateInDDL>
</FKIndexAssociation>
