<?xml version = '1.0' encoding = 'UTF-8'?>
<FKIndexAssociation class="oracle.dbtools.crest.model.design.relational.FKIndexAssociation" directorySegmentName="seg_0" id="609ECEAF-CC79-548D-BEFB-6FC2971BA236" containerWithKeyObject="A97FC30D-F262-2361-F6EA-27B4C7382EA6" localFKIndex="6020414C-A765-53E5-8556-4B8E2A8738AD" name="TOUR_LANGUAGE">
<createdBy>sihaochen</createdBy>
<createdTime>2022-04-26 16:26:00 UTC</createdTime>
<generatorID>428E0BAE-E9E9-17F3-2B00-3344104102B8</generatorID>
<ownerDesignName>Logical_Model</ownerDesignName>
<referredTableLongName>TOUR_AVAILABLE</referredTableLongName>
<deleteRule>NO ACTION</deleteRule>
<referredTableID>1DFC0403-416D-02AC-14E7-DDB03036486D</referredTableID>
<keyObject>ED897F80-6922-F8C1-2268-01895F019573</keyObject>
<referredKeyID>ED897F80-6922-F8C1-2268-01895F019573</referredKeyID>
<mandatory>true</mandatory>
<refColNames>tour_no,port_code</refColNames>
<transferable>true</transferable>
<rely>false</rely>
<columnDependencyConstraintGenerateInDDL>true</columnDependencyConstraintGenerateInDDL>
</FKIndexAssociation>
