<?xml version = '1.0' encoding = 'UTF-8'?>
<FKIndexAssociation class="oracle.dbtools.crest.model.design.relational.FKIndexAssociation" directorySegmentName="seg_0" id="64D6180F-955B-5093-D720-366052BBF27E" containerWithKeyObject="E7DF4315-BC2F-7BDE-297E-B6F7D2D96E9E" localFKIndex="EB390C30-8316-41B0-A5E2-7CEE1016E906" name="PASSENGER_MANIFEST">
<createdBy>sihaochen</createdBy>
<createdTime>2022-04-26 16:26:00 UTC</createdTime>
<generatorID>FF711F90-1808-4F51-0DA2-15E25E38EC3B</generatorID>
<ownerDesignName>Logical_Model</ownerDesignName>
<referredTableLongName>PASSENGER</referredTableLongName>
<deleteRule>NO ACTION</deleteRule>
<referredTableID>16D1D715-F453-1201-65FE-D8D70D2321DA</referredTableID>
<keyObject>54D1AF3A-CF66-9524-9A8C-2671C0CC96CA</keyObject>
<referredKeyID>54D1AF3A-CF66-9524-9A8C-2671C0CC96CA</referredKeyID>
<mandatory>true</mandatory>
<refColNames>pax_id</refColNames>
<transferable>true</transferable>
<rely>false</rely>
<columnDependencyConstraintGenerateInDDL>true</columnDependencyConstraintGenerateInDDL>
</FKIndexAssociation>
