<?xml version = '1.0' encoding = 'UTF-8'?>
<FKIndexAssociation class="oracle.dbtools.crest.model.design.relational.FKIndexAssociation" directorySegmentName="seg_0" id="6D920513-55C7-FD33-6F54-AA6F91EC4675" containerWithKeyObject="14DE9B20-F336-AFD0-C120-2FBD198BF204" localFKIndex="D09DDA12-0C9A-F4AC-8984-05036F6A2B49" name="COUNTRY_SHIP">
<createdBy>sihaochen</createdBy>
<createdTime>2022-04-26 16:26:00 UTC</createdTime>
<generatorID>3F397DAC-BF4B-76E5-AADD-9C2B9675B09E</generatorID>
<ownerDesignName>Logical_Model</ownerDesignName>
<referredTableLongName>COUNTRY</referredTableLongName>
<deleteRule>NO ACTION</deleteRule>
<referredTableID>DE5FDB08-D607-E238-1AC4-5C4CDDD329A1</referredTableID>
<keyObject>93BF981D-D19D-1242-766B-DF8C1FB8E39F</keyObject>
<referredKeyID>93BF981D-D19D-1242-766B-DF8C1FB8E39F</referredKeyID>
<mandatory>true</mandatory>
<refColNames>ctry_code</refColNames>
<transferable>true</transferable>
<rely>false</rely>
<columnDependencyConstraintGenerateInDDL>true</columnDependencyConstraintGenerateInDDL>
</FKIndexAssociation>
