<?xml version = '1.0' encoding = 'UTF-8'?>
<FKIndexAssociation class="oracle.dbtools.crest.model.design.relational.FKIndexAssociation" directorySegmentName="seg_0" id="9D2E39C4-415E-1221-2E6B-1E959B9E371C" containerWithKeyObject="19EFD22A-44BF-37DD-67EA-C05E19A60ECC" localFKIndex="EBF52FA9-1728-307C-03C7-D26A04B67F2A" name="PORT_CRUISE">
<createdBy>sihaochen</createdBy>
<createdTime>2022-04-26 16:26:00 UTC</createdTime>
<generatorID>B675F9E6-3BD5-6968-BADF-759C1065ABE3</generatorID>
<ownerDesignName>Logical_Model</ownerDesignName>
<referredTableLongName>CRUISE</referredTableLongName>
<deleteRule>NO ACTION</deleteRule>
<referredTableID>AFACDEE6-BDC1-349A-C345-A18DC77717EE</referredTableID>
<keyObject>4624E1CF-6CF6-AE58-B9C7-2107771453A3</keyObject>
<referredKeyID>4624E1CF-6CF6-AE58-B9C7-2107771453A3</referredKeyID>
<mandatory>true</mandatory>
<refColNames>cruise_id</refColNames>
<transferable>true</transferable>
<rely>false</rely>
<columnDependencyConstraintGenerateInDDL>true</columnDependencyConstraintGenerateInDDL>
</FKIndexAssociation>
