<?xml version = '1.0' encoding = 'UTF-8'?>
<FKIndexAssociation class="oracle.dbtools.crest.model.design.relational.FKIndexAssociation" directorySegmentName="seg_0" id="9FB2C9C3-F6FD-972D-F0D9-3685B31D236C" containerWithKeyObject="9A900E92-0524-1B01-E575-5FC77BA197D0" localFKIndex="1BFBC439-1072-BC2F-C934-D880A27C06FE" name="COUNTRY_PORT">
<createdBy>sihaochen</createdBy>
<createdTime>2022-04-26 16:26:00 UTC</createdTime>
<generatorID>894635E8-090F-11AB-2D2E-8ADF117F2401</generatorID>
<ownerDesignName>Logical_Model</ownerDesignName>
<referredTableLongName>COUNTRY</referredTableLongName>
<deleteRule>NO ACTION</deleteRule>
<referredTableID>DE5FDB08-D607-E238-1AC4-5C4CDDD329A1</referredTableID>
<keyObject>93BF981D-D19D-1242-766B-DF8C1FB8E39F</keyObject>
<referredKeyID>93BF981D-D19D-1242-766B-DF8C1FB8E39F</referredKeyID>
<mandatory>true</mandatory>
<refColNames>ctry_code</refColNames>
<transferable>true</transferable>
<rely>false</rely>
<columnDependencyConstraintGenerateInDDL>true</columnDependencyConstraintGenerateInDDL>
</FKIndexAssociation>
