<?xml version = '1.0' encoding = 'UTF-8'?>
<FKIndexAssociation class="oracle.dbtools.crest.model.design.relational.FKIndexAssociation" directorySegmentName="seg_0" id="AB71F1A5-F7C2-D818-DB62-47DAB4A62FEF" containerWithKeyObject="B5ABEAC3-B329-C18C-2608-7CF547DD3BD9" localFKIndex="295DC6F4-C5E1-97B4-CC87-214F912356AA" name="PORT_TEMPERATURE">
<createdBy>sihaochen</createdBy>
<createdTime>2022-04-26 16:26:00 UTC</createdTime>
<generatorID>65562F3F-07CE-45C6-BE9E-D76B542A0AE5</generatorID>
<ownerDesignName>Logical_Model</ownerDesignName>
<referredTableLongName>PORT</referredTableLongName>
<deleteRule>NO ACTION</deleteRule>
<referredTableID>9A900E92-0524-1B01-E575-5FC77BA197D0</referredTableID>
<keyObject>1C0F367F-9684-790C-742D-201ACD90A3C1</keyObject>
<referredKeyID>1C0F367F-9684-790C-742D-201ACD90A3C1</referredKeyID>
<mandatory>true</mandatory>
<refColNames>port_code</refColNames>
<transferable>true</transferable>
<rely>false</rely>
<columnDependencyConstraintGenerateInDDL>true</columnDependencyConstraintGenerateInDDL>
</FKIndexAssociation>
