<?xml version = '1.0' encoding = 'UTF-8'?>
<FKIndexAssociation class="oracle.dbtools.crest.model.design.relational.FKIndexAssociation" directorySegmentName="seg_0" id="C7A226A2-37E9-1B89-43C4-CF88790754FD" containerWithKeyObject="2DCB6930-F78E-3F39-FF05-098E0B78F2DF" localFKIndex="81553A84-A6D3-8698-6B9D-97D7C6248276" name="CRUISE_PARTICIPANT">
<createdBy>sihaochen</createdBy>
<createdTime>2022-04-26 16:26:00 UTC</createdTime>
<generatorID>BD9CCF4E-7635-ECFA-A08A-5A8FD84986E7</generatorID>
<ownerDesignName>Logical_Model</ownerDesignName>
<referredTableLongName>CRUISE</referredTableLongName>
<deleteRule>NO ACTION</deleteRule>
<referredTableID>AFACDEE6-BDC1-349A-C345-A18DC77717EE</referredTableID>
<keyObject>4624E1CF-6CF6-AE58-B9C7-2107771453A3</keyObject>
<referredKeyID>4624E1CF-6CF6-AE58-B9C7-2107771453A3</referredKeyID>
<mandatory>true</mandatory>
<refColNames>cruise_id</refColNames>
<transferable>true</transferable>
<rely>false</rely>
<columnDependencyConstraintGenerateInDDL>true</columnDependencyConstraintGenerateInDDL>
</FKIndexAssociation>
