<?xml version = '1.0' encoding = 'UTF-8'?>
<FKIndexAssociation class="oracle.dbtools.crest.model.design.relational.FKIndexAssociation" directorySegmentName="seg_0" id="DD45F9AA-A699-D26F-99A4-159678D479A9" containerWithKeyObject="5FF021FE-F132-1FA2-DCCB-A1F38FEA99C0" localFKIndex="7F753427-8C22-54EB-EE1F-DDD6826D4F57" name="EXACT_TOUR">
<createdBy>sihaochen</createdBy>
<createdTime>2022-04-26 16:26:00 UTC</createdTime>
<generatorID>05A38568-389F-07E8-79D0-0880109E56E4</generatorID>
<ownerDesignName>Logical_Model</ownerDesignName>
<referredTableLongName>TOUR_AVAILABLE</referredTableLongName>
<deleteRule>NO ACTION</deleteRule>
<referredTableID>1DFC0403-416D-02AC-14E7-DDB03036486D</referredTableID>
<keyObject>ED897F80-6922-F8C1-2268-01895F019573</keyObject>
<referredKeyID>ED897F80-6922-F8C1-2268-01895F019573</referredKeyID>
<mandatory>true</mandatory>
<refColNames>tour_no,port_code</refColNames>
<transferable>true</transferable>
<rely>false</rely>
<columnDependencyConstraintGenerateInDDL>true</columnDependencyConstraintGenerateInDDL>
</FKIndexAssociation>
