<?xml version = '1.0' encoding = 'UTF-8'?>
<FKIndexAssociation class="oracle.dbtools.crest.model.design.relational.FKIndexAssociation" directorySegmentName="seg_0" id="E5AEC00F-44EC-9C1F-34E1-ABB4720FB4D4" containerWithKeyObject="E7DF4315-BC2F-7BDE-297E-B6F7D2D96E9E" localFKIndex="CFFC72E2-45A3-F857-AE75-4855C35F8C5C" name="CRUISE_MANIFEST">
<createdBy>sihaochen</createdBy>
<createdTime>2022-04-26 16:26:00 UTC</createdTime>
<generatorID>E9308B85-7172-7377-3121-E375C1428539</generatorID>
<ownerDesignName>Logical_Model</ownerDesignName>
<referredTableLongName>CRUISE</referredTableLongName>
<deleteRule>NO ACTION</deleteRule>
<referredTableID>AFACDEE6-BDC1-349A-C345-A18DC77717EE</referredTableID>
<keyObject>4624E1CF-6CF6-AE58-B9C7-2107771453A3</keyObject>
<referredKeyID>4624E1CF-6CF6-AE58-B9C7-2107771453A3</referredKeyID>
<mandatory>true</mandatory>
<refColNames>cruise_id</refColNames>
<transferable>true</transferable>
<rely>false</rely>
<columnDependencyConstraintGenerateInDDL>true</columnDependencyConstraintGenerateInDDL>
</FKIndexAssociation>
