<?xml version = '1.0' encoding = 'UTF-8'?>
<FKIndexAssociation class="oracle.dbtools.crest.model.design.relational.FKIndexAssociation" directorySegmentName="seg_0" id="F77DD5F2-B64F-6D91-B7E5-D5F22F9DF70F" containerWithKeyObject="843D947B-C1A0-5029-C357-70F018D51215" localFKIndex="AD282E2F-94F1-6D34-C091-248A0FC9D9A8" name="SHIP_CABIN">
<createdBy>sihaochen</createdBy>
<createdTime>2022-04-26 16:26:00 UTC</createdTime>
<generatorID>4EB66D0D-4167-CC98-8F80-CE06C303E5DB</generatorID>
<ownerDesignName>Logical_Model</ownerDesignName>
<referredTableLongName>SHIP</referredTableLongName>
<deleteRule>NO ACTION</deleteRule>
<referredTableID>14DE9B20-F336-AFD0-C120-2FBD198BF204</referredTableID>
<keyObject>BB604EBD-4B9B-4F7B-49F7-6ABB4D9C750F</keyObject>
<referredKeyID>BB604EBD-4B9B-4F7B-49F7-6ABB4D9C750F</referredKeyID>
<mandatory>true</mandatory>
<refColNames>ship_id</refColNames>
<transferable>true</transferable>
<rely>false</rely>
<columnDependencyConstraintGenerateInDDL>true</columnDependencyConstraintGenerateInDDL>
</FKIndexAssociation>
