<?xml version = '1.0' encoding = 'UTF-8'?>
<Diagram class="oracle.dbtools.crest.swingui.relational.DPVRelational" name="Relational_2" id="A83AB6B2-FF9E-E121-F7FD-AA46076D0D8B">
<createdBy>Sihao Chen; Jiawei Ren;Nikita Bhararia</createdBy>
<modifiedBy>Nikita Bhararia</modifiedBy>
<createdTime>2022-04-25 05:54:17 UTC</createdTime>
<autoRoute>false</autoRoute>
<boxInbox>true</boxInbox>
<showLegend>true</showLegend>
<showLabels>false</showLabels>
<showRelAttributes>false</showRelAttributes>
<gridEnabled>false</gridEnabled>
<showGrid>false</showGrid>
<diagramColor>-1</diagramColor>
<display>false</display>
<notation>1</notation>
<objectViews>
<OView class="oracle.dbtools.crest.swingui.relational.TVTable" oid="14DE9B20-F336-AFD0-C120-2FBD198BF204" otype="Table" vid="6D789EE6-6F35-9294-6ECC-00D24FD8D02B">
<hideElementsInCurrentOnly>false</hideElementsInCurrentOnly>
<bounds x="692" y="217" width="304" height="154"/>
</OView>
<OView class="oracle.dbtools.crest.swingui.relational.TVTable" oid="16D1D715-F453-1201-65FE-D8D70D2321DA" otype="Table" vid="0A2D0075-143F-18F1-DD6B-44C39A142BDF">
<hideElementsInCurrentOnly>false</hideElementsInCurrentOnly>
<bounds x="1166" y="641" width="250" height="228"/>
</OView>
<OView class="oracle.dbtools.crest.swingui.relational.TVTable" oid="19EFD22A-44BF-37DD-67EA-C05E19A60ECC" otype="Table" vid="853B299A-2D49-C91C-30DA-2C37AE2324EA">
<hideElementsInCurrentOnly>false</hideElementsInCurrentOnly>
<bounds x="475" y="409" width="247" height="177"/>
</OView>
<OView class="oracle.dbtools.crest.swingui.relational.TVTable" oid="1DFC0403-416D-02AC-14E7-DDB03036486D" otype="Table" vid="E984863B-80D7-0E54-6CBB-8B9118B54887">
<hideElementsInCurrentOnly>false</hideElementsInCurrentOnly>
<bounds x="435" y="1041" width="261" height="223"/>
</OView>
<OView class="oracle.dbtools.crest.swingui.relational.TVTable" oid="2DCB6930-F78E-3F39-FF05-098E0B78F2DF" otype="Table" vid="85AF593F-01F6-C2CC-6661-D1A43A5A51B3">
<hideElementsInCurrentOnly>false</hideElementsInCurrentOnly>
<bounds x="1017" y="928" width="230" height="146"/>
</OView>
<OView class="oracle.dbtools.crest.swingui.relational.TVTable" oid="5FF021FE-F132-1FA2-DCCB-A1F38FEA99C0" otype="Table" vid="8F65C02C-4C76-9381-E598-18672286032B">
<hideElementsInCurrentOnly>false</hideElementsInCurrentOnly>
<bounds x="680" y="841" width="243" height="139"/>
</OView>
<OView class="oracle.dbtools.crest.swingui.relational.TVTable" oid="843D947B-C1A0-5029-C357-70F018D51215" otype="Table" vid="EF1B6F7D-DBE0-B18C-2F3C-B7C589A1AF5C">
<hideElementsInCurrentOnly>false</hideElementsInCurrentOnly>
<bounds x="1183" y="233" width="225" height="142"/>
</OView>
<OView class="oracle.dbtools.crest.swingui.TVLegend" oid="8970B8E0-46CF-2C1F-EC7B-E9CC974AC850" otype="Legend" vid="2A24D69F-0712-337A-AAC2-2845276B6441">
<hideElementsInCurrentOnly>false</hideElementsInCurrentOnly>
<bounds x="10" y="10" width="303" height="135"/>
</OView>
<OView class="oracle.dbtools.crest.swingui.relational.TVTable" oid="9A900E92-0524-1B01-E575-5FC77BA197D0" otype="Table" vid="DB853590-98D7-751C-A182-0F9EB1E2E0A5">
<hideElementsInCurrentOnly>false</hideElementsInCurrentOnly>
<bounds x="523" y="655" width="227" height="161"/>
</OView>
<OView class="oracle.dbtools.crest.swingui.relational.TVTable" oid="A1FB0D80-D996-49B9-7B7D-8A5811EA32EE" otype="Table" vid="0D1AF7A5-C56D-D4E9-12CE-2A53F51C1EAE">
<hideElementsInCurrentOnly>false</hideElementsInCurrentOnly>
<bounds x="714" y="34" width="260" height="112"/>
</OView>
<OView class="oracle.dbtools.crest.swingui.relational.TVTable" oid="A97FC30D-F262-2361-F6EA-27B4C7382EA6" otype="Table" vid="7AC3A533-DFAF-351B-F37F-4E08D0B038BF">
<hideElementsInCurrentOnly>false</hideElementsInCurrentOnly>
<bounds x="970" y="1110" width="287" height="114"/>
</OView>
<OView class="oracle.dbtools.crest.swingui.relational.TVTable" oid="AFACDEE6-BDC1-349A-C345-A18DC77717EE" otype="Table" vid="CA0F937E-CB10-9B20-9488-1D13D2791224">
<hideElementsInCurrentOnly>false</hideElementsInCurrentOnly>
<bounds x="898" y="452" width="220" height="136"/>
</OView>
<OView class="oracle.dbtools.crest.swingui.relational.TVTable" oid="B5ABEAC3-B329-C18C-2608-7CF547DD3BD9" otype="Table" vid="8AFA26DF-C37A-3C64-B452-56D941538571">
<hideElementsInCurrentOnly>false</hideElementsInCurrentOnly>
<bounds x="154" y="715" width="278" height="151"/>
</OView>
<OView class="oracle.dbtools.crest.swingui.relational.TVTable" oid="DE5FDB08-D607-E238-1AC4-5C4CDDD329A1" otype="Table" vid="692693B4-6523-AC0C-4643-6F08DBEA06D7">
<hideElementsInCurrentOnly>false</hideElementsInCurrentOnly>
<bounds x="31" y="301" width="204" height="147"/>
</OView>
<OView class="oracle.dbtools.crest.swingui.relational.TVTable" oid="E7DF4315-BC2F-7BDE-297E-B6F7D2D96E9E" otype="Table" vid="142AEADE-D608-04C5-EDB0-662B1D1897C1">
<hideElementsInCurrentOnly>false</hideElementsInCurrentOnly>
<bounds x="1199" y="470" width="250" height="117"/>
</OView>
</objectViews>
<connectors>
<Connector class="oracle.dbtools.crest.swingui.relational.TVFKRelation" oid="20E5CFDE-4255-E7FE-9C42-ABA422E1D8E9" otype="FKIndexAssociation" vid_source="0A2D0075-143F-18F1-DD6B-44C39A142BDF" vid_target="0A2D0075-143F-18F1-DD6B-44C39A142BDF">
<hideElementsInCurrentOnly>false</hideElementsInCurrentOnly>
<backgroundColor>-16777216</backgroundColor>
<lineWidth>1</lineWidth>
<points>
<point x="1166" y="641"/>
<point x="1166" y="641"/>
</points>
</Connector>
<Connector class="oracle.dbtools.crest.swingui.relational.TVFKRelation" oid="266EA212-5880-E261-5BEA-2AE344621CF6" otype="FKIndexAssociation" vid_source="0A2D0075-143F-18F1-DD6B-44C39A142BDF" vid_target="85AF593F-01F6-C2CC-6661-D1A43A5A51B3">
<hideElementsInCurrentOnly>false</hideElementsInCurrentOnly>
<backgroundColor>-16777216</backgroundColor>
<lineWidth>1</lineWidth>
<points>
<point x="1206" y="869"/>
<point x="1206" y="928"/>
</points>
</Connector>
<Connector class="oracle.dbtools.crest.swingui.relational.TVFKRelation" oid="3A4935C2-3068-3679-9BEF-6121D490D663" otype="FKIndexAssociation" vid_source="DB853590-98D7-751C-A182-0F9EB1E2E0A5" vid_target="E984863B-80D7-0E54-6CBB-8B9118B54887">
<hideElementsInCurrentOnly>false</hideElementsInCurrentOnly>
<backgroundColor>-16777216</backgroundColor>
<lineWidth>1</lineWidth>
<points>
<point x="609" y="816"/>
<point x="609" y="1041"/>
</points>
</Connector>
<Connector class="oracle.dbtools.crest.swingui.relational.TVFKRelation" oid="3A9760F9-F428-1963-CCFF-6C44976F50DA" otype="FKIndexAssociation" vid_source="6D789EE6-6F35-9294-6ECC-00D24FD8D02B" vid_target="CA0F937E-CB10-9B20-9488-1D13D2791224">
<hideElementsInCurrentOnly>false</hideElementsInCurrentOnly>
<backgroundColor>-16777216</backgroundColor>
<lineWidth>1</lineWidth>
<points>
<point x="947" y="371"/>
<point x="947" y="452"/>
</points>
</Connector>
<Connector class="oracle.dbtools.crest.swingui.relational.TVFKRelation" oid="413B8CC9-4196-85F2-026C-2B6F1D1275D5" otype="FKIndexAssociation" vid_source="DB853590-98D7-751C-A182-0F9EB1E2E0A5" vid_target="853B299A-2D49-C91C-30DA-2C37AE2324EA">
<hideElementsInCurrentOnly>false</hideElementsInCurrentOnly>
<backgroundColor>-16777216</backgroundColor>
<lineWidth>1</lineWidth>
<points>
<point x="622" y="655"/>
<point x="622" y="586"/>
</points>
</Connector>
<Connector class="oracle.dbtools.crest.swingui.relational.TVFKRelation" oid="426B09D9-6363-DB54-4945-A650E0B9A495" otype="FKIndexAssociation" vid_source="692693B4-6523-AC0C-4643-6F08DBEA06D7" vid_target="0A2D0075-143F-18F1-DD6B-44C39A142BDF">
<hideElementsInCurrentOnly>false</hideElementsInCurrentOnly>
<backgroundColor>-16777216</backgroundColor>
<lineWidth>1</lineWidth>
<points>
<point x="66" y="448"/>
<point x="66" y="1264"/>
<point x="1313" y="1284"/>
<point x="1313" y="869"/>
</points>
</Connector>
<Connector class="oracle.dbtools.crest.swingui.relational.TVFKRelation" oid="4D29BA9A-5022-AA50-D07F-6DC52A08AB7F" otype="FKIndexAssociation" vid_source="8F65C02C-4C76-9381-E598-18672286032B" vid_target="85AF593F-01F6-C2CC-6661-D1A43A5A51B3">
<hideElementsInCurrentOnly>false</hideElementsInCurrentOnly>
<backgroundColor>-16777216</backgroundColor>
<lineWidth>1</lineWidth>
<points>
<point x="923" y="954"/>
<point x="1017" y="954"/>
</points>
</Connector>
<Connector class="oracle.dbtools.crest.swingui.relational.TVFKRelation" oid="4DCE141E-05AA-AB87-F331-826D85163509" otype="FKIndexAssociation" vid_source="EF1B6F7D-DBE0-B18C-2F3C-B7C589A1AF5C" vid_target="142AEADE-D608-04C5-EDB0-662B1D1897C1">
<hideElementsInCurrentOnly>false</hideElementsInCurrentOnly>
<backgroundColor>-16777216</backgroundColor>
<lineWidth>1</lineWidth>
<points>
<point x="1303" y="375"/>
<point x="1303" y="470"/>
</points>
</Connector>
<Connector class="oracle.dbtools.crest.swingui.relational.TVFKRelation" oid="59C50FB7-B3FB-68FE-8EF8-BE14376E0440" otype="FKIndexAssociation" vid_source="0D1AF7A5-C56D-D4E9-12CE-2A53F51C1EAE" vid_target="6D789EE6-6F35-9294-6ECC-00D24FD8D02B">
<hideElementsInCurrentOnly>false</hideElementsInCurrentOnly>
<backgroundColor>-16777216</backgroundColor>
<lineWidth>1</lineWidth>
<points>
<point x="844" y="146"/>
<point x="844" y="217"/>
</points>
</Connector>
<Connector class="oracle.dbtools.crest.swingui.relational.TVFKRelation" oid="609ECEAF-CC79-548D-BEFB-6FC2971BA236" otype="FKIndexAssociation" vid_source="E984863B-80D7-0E54-6CBB-8B9118B54887" vid_target="7AC3A533-DFAF-351B-F37F-4E08D0B038BF">
<hideElementsInCurrentOnly>false</hideElementsInCurrentOnly>
<backgroundColor>-16777216</backgroundColor>
<lineWidth>1</lineWidth>
<points>
<point x="696" y="1167"/>
<point x="970" y="1167"/>
</points>
</Connector>
<Connector class="oracle.dbtools.crest.swingui.relational.TVFKRelation" oid="64D6180F-955B-5093-D720-366052BBF27E" otype="FKIndexAssociation" vid_source="0A2D0075-143F-18F1-DD6B-44C39A142BDF" vid_target="142AEADE-D608-04C5-EDB0-662B1D1897C1">
<hideElementsInCurrentOnly>false</hideElementsInCurrentOnly>
<backgroundColor>-16777216</backgroundColor>
<lineWidth>1</lineWidth>
<points>
<point x="1307" y="641"/>
<point x="1307" y="587"/>
</points>
</Connector>
<Connector class="oracle.dbtools.crest.swingui.relational.TVFKRelation" oid="6D920513-55C7-FD33-6F54-AA6F91EC4675" otype="FKIndexAssociation" vid_source="692693B4-6523-AC0C-4643-6F08DBEA06D7" vid_target="6D789EE6-6F35-9294-6ECC-00D24FD8D02B">
<hideElementsInCurrentOnly>false</hideElementsInCurrentOnly>
<backgroundColor>-16777216</backgroundColor>
<lineWidth>1</lineWidth>
<points>
<point x="235" y="336"/>
<point x="692" y="336"/>
</points>
</Connector>
<Connector class="oracle.dbtools.crest.swingui.relational.TVFKRelation" oid="9D2E39C4-415E-1221-2E6B-1E959B9E371C" otype="FKIndexAssociation" vid_source="CA0F937E-CB10-9B20-9488-1D13D2791224" vid_target="853B299A-2D49-C91C-30DA-2C37AE2324EA">
<hideElementsInCurrentOnly>false</hideElementsInCurrentOnly>
<backgroundColor>-16777216</backgroundColor>
<lineWidth>1</lineWidth>
<points>
<point x="898" y="519"/>
<point x="722" y="519"/>
</points>
</Connector>
<Connector class="oracle.dbtools.crest.swingui.relational.TVFKRelation" oid="9FB2C9C3-F6FD-972D-F0D9-3685B31D236C" otype="FKIndexAssociation" vid_source="692693B4-6523-AC0C-4643-6F08DBEA06D7" vid_target="DB853590-98D7-751C-A182-0F9EB1E2E0A5">
<hideElementsInCurrentOnly>false</hideElementsInCurrentOnly>
<backgroundColor>-16777216</backgroundColor>
<lineWidth>1</lineWidth>
<points>
<point x="205" y="448"/>
<point x="205" y="663"/>
<point x="523" y="663"/>
</points>
</Connector>
<Connector class="oracle.dbtools.crest.swingui.relational.TVFKRelation" oid="AB71F1A5-F7C2-D818-DB62-47DAB4A62FEF" otype="FKIndexAssociation" vid_source="DB853590-98D7-751C-A182-0F9EB1E2E0A5" vid_target="8AFA26DF-C37A-3C64-B452-56D941538571">
<hideElementsInCurrentOnly>false</hideElementsInCurrentOnly>
<backgroundColor>-16777216</backgroundColor>
<lineWidth>1</lineWidth>
<points>
<point x="523" y="765"/>
<point x="432" y="765"/>
</points>
</Connector>
<Connector class="oracle.dbtools.crest.swingui.relational.TVFKRelation" oid="C7A226A2-37E9-1B89-43C4-CF88790754FD" otype="FKIndexAssociation" vid_source="CA0F937E-CB10-9B20-9488-1D13D2791224" vid_target="85AF593F-01F6-C2CC-6661-D1A43A5A51B3">
<hideElementsInCurrentOnly>false</hideElementsInCurrentOnly>
<backgroundColor>-16777216</backgroundColor>
<lineWidth>1</lineWidth>
<points>
<point x="1067" y="588"/>
<point x="1067" y="928"/>
</points>
</Connector>
<Connector class="oracle.dbtools.crest.swingui.relational.TVFKRelation" oid="DD45F9AA-A699-D26F-99A4-159678D479A9" otype="FKIndexAssociation" vid_source="E984863B-80D7-0E54-6CBB-8B9118B54887" vid_target="8F65C02C-4C76-9381-E598-18672286032B">
<hideElementsInCurrentOnly>false</hideElementsInCurrentOnly>
<backgroundColor>-16777216</backgroundColor>
<lineWidth>1</lineWidth>
<points>
<point x="688" y="1041"/>
<point x="688" y="980"/>
</points>
</Connector>
<Connector class="oracle.dbtools.crest.swingui.relational.TVFKRelation" oid="E5AEC00F-44EC-9C1F-34E1-ABB4720FB4D4" otype="FKIndexAssociation" vid_source="CA0F937E-CB10-9B20-9488-1D13D2791224" vid_target="142AEADE-D608-04C5-EDB0-662B1D1897C1">
<hideElementsInCurrentOnly>false</hideElementsInCurrentOnly>
<backgroundColor>-16777216</backgroundColor>
<lineWidth>1</lineWidth>
<points>
<point x="1118" y="528"/>
<point x="1199" y="528"/>
</points>
</Connector>
<Connector class="oracle.dbtools.crest.swingui.relational.TVFKRelation" oid="F77DD5F2-B64F-6D91-B7E5-D5F22F9DF70F" otype="FKIndexAssociation" vid_source="6D789EE6-6F35-9294-6ECC-00D24FD8D02B" vid_target="EF1B6F7D-DBE0-B18C-2F3C-B7C589A1AF5C">
<hideElementsInCurrentOnly>false</hideElementsInCurrentOnly>
<backgroundColor>-16777216</backgroundColor>
<lineWidth>1</lineWidth>
<points>
<point x="996" y="302"/>
<point x="1183" y="302"/>
</points>
</Connector>
</connectors>
</Diagram>
