<?xml version = '1.0' encoding = 'UTF-8'?>
<relationalModel class="oracle.dbtools.crest.model.design.relational.RelationalDesign" name="Relational_2" id="2C0023F1-8BDE-5239-DEA7-82C82881DDE8" mainViewID="A83AB6B2-FF9E-E121-F7FD-AA46076D0D8B">
<createdBy>sihaochen</createdBy>
<createdTime>2022-04-25 05:54:17 UTC</createdTime>
<ownerDesignName>Logical_Model</ownerDesignName>
<shouldBeOpen>true</shouldBeOpen>
<selectedRDBMSSite>3FD120B5-9F4E-6278-D5E2-746D192C8319</selectedRDBMSSite>
</relationalModel>
