<?xml version = '1.0' encoding = 'UTF-8'?>
<Table class="oracle.dbtools.crest.model.design.relational.Table" directorySegmentName="seg_0" id="14DE9B20-F336-AFD0-C120-2FBD198BF204" name="SHIP">
<createdBy>sihaochen</createdBy>
<createdTime>2022-04-26 16:25:59 UTC</createdTime>
<generatorID>C522EDF6-2A05-785F-55AB-5B497002A6CB</generatorID>
<ownerDesignName>Logical_Model</ownerDesignName>
<allowColumnReorder>false</allowColumnReorder>
<existDependencyGenerateInDDl>true</existDependencyGenerateInDDl>
<parsed>true</parsed>
<columns itemClass="oracle.dbtools.crest.model.design.relational.Column">
<Column name="ship_id" id="F83F4773-E4F5-5ED9-9B4E-CEE9B6052389">
<createdBy>sihaochen</createdBy>
<createdTime>2022-04-26 16:25:59 UTC</createdTime>
<commentInRDBMS><![CDATA[a ship code to identify the ship]]></commentInRDBMS>
<generatorID>E01A0D4F-78BD-3DCC-9FE9-19FAF1364CD4</generatorID>
<ownerDesignName>Logical_Model</ownerDesignName>
<useDomainConstraints>false</useDomainConstraints>
<use>1</use>
<logicalDatatype>LOGDT019</logicalDatatype>
<dataTypePrecision>10</dataTypePrecision>
<ownDataTypeParameters>,10,</ownDataTypeParameters>
<autoIncrementCycle>false</autoIncrementCycle>
</Column>
<Column name="ship_name" id="3EB0F3EC-57CA-D82B-A60C-34FF9D56796F">
<createdBy>sihaochen</createdBy>
<createdTime>2022-04-26 16:25:59 UTC</createdTime>
<commentInRDBMS><![CDATA[ship's name]]></commentInRDBMS>
<generatorID>7E57675C-24A5-75E2-DE20-834F0344BAC0</generatorID>
<ownerDesignName>Logical_Model</ownerDesignName>
<useDomainConstraints>false</useDomainConstraints>
<use>1</use>
<logicalDatatype>LOGDT024</logicalDatatype>
<dataTypeSize>30</dataTypeSize>
<ownDataTypeParameters>30,,</ownDataTypeParameters>
<autoIncrementCycle>false</autoIncrementCycle>
</Column>
<Column name="ship_commissioned_date" id="83BEBD2D-340F-C3B4-BC76-ACA5851AE6AF">
<createdBy>sihaochen</createdBy>
<createdTime>2022-04-26 16:25:59 UTC</createdTime>
<commentInRDBMS><![CDATA[e date the ship was commissioned]]></commentInRDBMS>
<generatorID>38483BF5-2636-9920-9E33-39440F2027C0</generatorID>
<ownerDesignName>Logical_Model</ownerDesignName>
<useDomainConstraints>false</useDomainConstraints>
<use>1</use>
<logicalDatatype>LOGDT007</logicalDatatype>
<ownDataTypeParameters>,,</ownDataTypeParameters>
<autoIncrementCycle>false</autoIncrementCycle>
</Column>
<Column name="ship_tonnage" id="54EEC3ED-3FD1-E333-3038-43D4DCA36082">
<createdBy>sihaochen</createdBy>
<createdTime>2022-04-26 16:25:59 UTC</createdTime>
<commentInRDBMS><![CDATA[ship's tonnage,]]></commentInRDBMS>
<generatorID>7317C0BF-6F75-CD47-AE8A-727228B7A5D2</generatorID>
<ownerDesignName>Logical_Model</ownerDesignName>
<useDomainConstraints>false</useDomainConstraints>
<use>1</use>
<logicalDatatype>LOGDT019</logicalDatatype>
<dataTypePrecision>5</dataTypePrecision>
<ownDataTypeParameters>,5,</ownDataTypeParameters>
<autoIncrementCycle>false</autoIncrementCycle>
</Column>
<Column name="ship_max_guest" id="A7DC8792-5C68-2C50-D223-A4EE29519A5C">
<createdBy>sihaochen</createdBy>
<createdTime>2022-04-26 16:25:59 UTC</createdTime>
<commentInRDBMS><![CDATA[s maximum guest capacity]]></commentInRDBMS>
<generatorID>D317F689-8489-44F0-0511-68A34856BD26</generatorID>
<ownerDesignName>Logical_Model</ownerDesignName>
<useDomainConstraints>false</useDomainConstraints>
<use>1</use>
<logicalDatatype>LOGDT019</logicalDatatype>
<dataTypePrecision>4</dataTypePrecision>
<ownDataTypeParameters>,4,</ownDataTypeParameters>
<autoIncrementCycle>false</autoIncrementCycle>
</Column>
<Column name="ship_reg_country" id="620A4572-83B2-D868-0896-99E212D6085A">
<createdBy>sihaochen</createdBy>
<createdTime>2022-04-26 16:25:59 UTC</createdTime>
<commentInRDBMS><![CDATA[e name of the country in which the ship is registered.]]></commentInRDBMS>
<generatorID>C7D707EF-E549-0BE1-7165-D0CA0D7968FD</generatorID>
<ownerDesignName>Logical_Model</ownerDesignName>
<useDomainConstraints>false</useDomainConstraints>
<use>1</use>
<logicalDatatype>LOGDT024</logicalDatatype>
<dataTypeSize>10</dataTypeSize>
<ownDataTypeParameters>10,,</ownDataTypeParameters>
<autoIncrementCycle>false</autoIncrementCycle>
</Column>
<Column name="ctry_code" id="CA531821-002A-89F8-72DF-D70D3F2FCB9E">
<createdBy>sihaochen</createdBy>
<createdTime>2022-04-26 16:25:59 UTC</createdTime>
<commentInRDBMS><![CDATA[ISO country code]]></commentInRDBMS>
<generatorID>4823E633-D967-110F-2E9F-65943283CC90</generatorID>
<ownerDesignName>Logical_Model</ownerDesignName>
<useDomainConstraints>false</useDomainConstraints>
<use>1</use>
<logicalDatatype>LOGDT024</logicalDatatype>
<dataTypeSize>15</dataTypeSize>
<ownDataTypeParameters>,,</ownDataTypeParameters>
<previousColumn>false</previousColumn>
<autoIncrementCycle>false</autoIncrementCycle>
<associations>
<colAssociation fkAssociation="6D920513-55C7-FD33-6F54-AA6F91EC4675" referredColumn="6A9AEE0B-D3F9-3865-80EA-7CF1203FBC7A"/>
</associations>
</Column>
<Column name="operator_id" id="CE385B63-E1CD-BB1E-E5FE-FFE83F3C72B6">
<createdBy>sihaochen</createdBy>
<createdTime>2022-04-26 16:25:59 UTC</createdTime>
<commentInRDBMS><![CDATA[company's id]]></commentInRDBMS>
<generatorID>DFFF8D44-283D-1E18-FABF-33984A335A3E</generatorID>
<ownerDesignName>Logical_Model</ownerDesignName>
<useDomainConstraints>false</useDomainConstraints>
<use>1</use>
<logicalDatatype>LOGDT019</logicalDatatype>
<dataTypePrecision>10</dataTypePrecision>
<ownDataTypeParameters>,,</ownDataTypeParameters>
<previousColumn>false</previousColumn>
<autoIncrementCycle>false</autoIncrementCycle>
<associations>
<colAssociation fkAssociation="59C50FB7-B3FB-68FE-8EF8-BE14376E0440" referredColumn="193ADBF6-ED8F-2D0D-4CFB-6822D34A99B6"/>
</associations>
</Column>
</columns>
<indexes itemClass="oracle.dbtools.crest.model.design.relational.Index">
<ind_PK_UK id="BB604EBD-4B9B-4F7B-49F7-6ABB4D9C750F" name="SHIP_PK">
<createdBy>sihaochen</createdBy>
<createdTime>2022-04-26 16:25:59 UTC</createdTime>
<generatorID>D6B14D64-39A6-46EA-4457-9D045FF0FCF2</generatorID>
<ownerDesignName>Logical_Model</ownerDesignName>
<pk>true</pk>
<indexState>Primary Constraint</indexState>
<isSurrogateKey>false</isSurrogateKey>
<indexColumnUsage>
<colUsage columnID="F83F4773-E4F5-5ED9-9B4E-CEE9B6052389"/>
</indexColumnUsage>
</ind_PK_UK>
<ind_PK_UK id="D09DDA12-0C9A-F4AC-8984-05036F6A2B49" name="COUNTRY_SHIP">
<createdBy>sihaochen</createdBy>
<createdTime>2022-04-26 16:26:00 UTC</createdTime>
<generatorID>3F397DAC-BF4B-76E5-AADD-9C2B9675B09E</generatorID>
<ownerDesignName>Logical_Model</ownerDesignName>
<indexState>Foreign Key</indexState>
<isSurrogateKey>false</isSurrogateKey>
<indexColumnUsage>
<colUsage columnID="CA531821-002A-89F8-72DF-D70D3F2FCB9E"/>
</indexColumnUsage>
</ind_PK_UK>
<ind_PK_UK id="B7B614BF-3515-461F-DE08-1A118E061DBD" name="OPERATOR_SHIP">
<createdBy>sihaochen</createdBy>
<createdTime>2022-04-26 16:26:00 UTC</createdTime>
<generatorID>B54F5F93-AF18-E03F-1672-4B4D51D16594</generatorID>
<ownerDesignName>Logical_Model</ownerDesignName>
<indexState>Foreign Key</indexState>
<isSurrogateKey>false</isSurrogateKey>
<indexColumnUsage>
<colUsage columnID="CE385B63-E1CD-BB1E-E5FE-FFE83F3C72B6"/>
</indexColumnUsage>
</ind_PK_UK>
</indexes>
</Table>
