<?xml version = '1.0' encoding = 'UTF-8'?>
<Table class="oracle.dbtools.crest.model.design.relational.Table" directorySegmentName="seg_0" id="16D1D715-F453-1201-65FE-D8D70D2321DA" name="PASSENGER">
<createdBy>sihaochen</createdBy>
<createdTime>2022-04-26 16:25:59 UTC</createdTime>
<generatorID>83CA5FB3-2EC0-DA57-74B3-966E2F211274</generatorID>
<ownerDesignName>Logical_Model</ownerDesignName>
<allowColumnReorder>false</allowColumnReorder>
<existDependencyGenerateInDDl>true</existDependencyGenerateInDDl>
<parsed>true</parsed>
<columns itemClass="oracle.dbtools.crest.model.design.relational.Column">
<Column name="pax_id" id="6FDB4BA3-C10A-B000-234B-DEE65EB543BB">
<createdBy>sihaochen</createdBy>
<createdTime>2022-04-26 16:25:59 UTC</createdTime>
<commentInRDBMS><![CDATA[passenger is assigned a unique id]]></commentInRDBMS>
<generatorID>A857DC26-E124-05DC-00A2-0E566BAC9D2C</generatorID>
<ownerDesignName>Logical_Model</ownerDesignName>
<useDomainConstraints>false</useDomainConstraints>
<use>1</use>
<logicalDatatype>LOGDT019</logicalDatatype>
<dataTypePrecision>5</dataTypePrecision>
<ownDataTypeParameters>,5,</ownDataTypeParameters>
<autoIncrementCycle>false</autoIncrementCycle>
</Column>
<Column name="pax_fname" id="52D9AB4A-D0C4-2AEA-EF54-AA8F3263B3D7">
<createdBy>sihaochen</createdBy>
<createdTime>2022-04-26 16:25:59 UTC</createdTime>
<commentInRDBMS><![CDATA[ passenger's fist name]]></commentInRDBMS>
<generatorID>E3D92278-E579-758A-BFFC-9DADD6116188</generatorID>
<ownerDesignName>Logical_Model</ownerDesignName>
<useDomainConstraints>false</useDomainConstraints>
<use>1</use>
<logicalDatatype>LOGDT024</logicalDatatype>
<dataTypeSize>10</dataTypeSize>
<ownDataTypeParameters>10,,</ownDataTypeParameters>
<autoIncrementCycle>false</autoIncrementCycle>
</Column>
<Column name="pax_lname" id="278259C1-DC88-2850-4B4A-44412DFF4E60">
<createdBy>sihaochen</createdBy>
<createdTime>2022-04-26 16:25:59 UTC</createdTime>
<commentInRDBMS><![CDATA[ passenger's last name]]></commentInRDBMS>
<generatorID>B37F83A3-4510-A4D8-E728-CD0FE570FD90</generatorID>
<ownerDesignName>Logical_Model</ownerDesignName>
<useDomainConstraints>false</useDomainConstraints>
<use>1</use>
<logicalDatatype>LOGDT024</logicalDatatype>
<dataTypeSize>10</dataTypeSize>
<ownDataTypeParameters>10,,</ownDataTypeParameters>
<autoIncrementCycle>false</autoIncrementCycle>
</Column>
<Column name="pax_dob" id="074D287D-F84E-D11E-74E5-23D01A8AB1CA">
<createdBy>sihaochen</createdBy>
<createdTime>2022-04-26 16:25:59 UTC</createdTime>
<commentInRDBMS><![CDATA[ date of birth]]></commentInRDBMS>
<generatorID>1C1C23E6-A083-6CF0-0AFD-821CBFECA68C</generatorID>
<ownerDesignName>Logical_Model</ownerDesignName>
<useDomainConstraints>false</useDomainConstraints>
<use>1</use>
<logicalDatatype>LOGDT007</logicalDatatype>
<ownDataTypeParameters>,,</ownDataTypeParameters>
<autoIncrementCycle>false</autoIncrementCycle>
</Column>
<Column name="pax_gender" id="8442751B-1334-1D57-1404-9C0E6B3749D7">
<createdBy>sihaochen</createdBy>
<createdTime>2022-04-26 16:25:59 UTC</createdTime>
<commentInRDBMS><![CDATA[passenger's gender]]></commentInRDBMS>
<generatorID>835DA740-C507-38CD-16FD-C4F75B37207C</generatorID>
<ownerDesignName>Logical_Model</ownerDesignName>
<useDomainConstraints>false</useDomainConstraints>
<use>1</use>
<logicalDatatype>LOGDT024</logicalDatatype>
<dataTypeSize>10</dataTypeSize>
<ownDataTypeParameters>10,,</ownDataTypeParameters>
<autoIncrementCycle>false</autoIncrementCycle>
</Column>
<Column name="pax_street" id="530D86D6-5C96-848D-7A0D-5F9583940DB1">
<createdBy>sihaochen</createdBy>
<createdTime>2022-04-26 16:25:59 UTC</createdTime>
<commentInRDBMS><![CDATA[street (including street number),]]></commentInRDBMS>
<generatorID>A65422FD-B785-808C-F136-01954666CD6D</generatorID>
<ownerDesignName>Logical_Model</ownerDesignName>
<useDomainConstraints>false</useDomainConstraints>
<use>1</use>
<logicalDatatype>LOGDT024</logicalDatatype>
<dataTypeSize>20</dataTypeSize>
<ownDataTypeParameters>20,,</ownDataTypeParameters>
<autoIncrementCycle>false</autoIncrementCycle>
</Column>
<Column name="pax_town" id="0314C710-96BC-4F1A-3BCE-DC23FAEDD6D3">
<createdBy>sihaochen</createdBy>
<createdTime>2022-04-26 16:25:59 UTC</createdTime>
<commentInRDBMS><![CDATA[name of town]]></commentInRDBMS>
<generatorID>B4E2CA60-CBD7-E73D-9F86-18ED71B9468D</generatorID>
<ownerDesignName>Logical_Model</ownerDesignName>
<useDomainConstraints>false</useDomainConstraints>
<use>1</use>
<logicalDatatype>LOGDT024</logicalDatatype>
<dataTypeSize>10</dataTypeSize>
<ownDataTypeParameters>10,,</ownDataTypeParameters>
<autoIncrementCycle>false</autoIncrementCycle>
</Column>
<Column name="pax_postcode" id="B74F308B-F84C-54B5-C17B-C9F00564E326">
<createdBy>sihaochen</createdBy>
<createdTime>2022-04-26 16:25:59 UTC</createdTime>
<commentInRDBMS><![CDATA[postcode]]></commentInRDBMS>
<generatorID>9206F4E3-D1BB-9F6A-74C8-70CCAD41946E</generatorID>
<ownerDesignName>Logical_Model</ownerDesignName>
<useDomainConstraints>false</useDomainConstraints>
<use>1</use>
<logicalDatatype>LOGDT024</logicalDatatype>
<dataTypeSize>10</dataTypeSize>
<ownDataTypeParameters>10,,</ownDataTypeParameters>
<autoIncrementCycle>false</autoIncrementCycle>
</Column>
<Column name="pax_ctry" id="27EB0654-3468-F203-3AF9-842197254A51">
<createdBy>sihaochen</createdBy>
<createdTime>2022-04-26 16:25:59 UTC</createdTime>
<commentInRDBMS><![CDATA[country]]></commentInRDBMS>
<generatorID>FD44F536-1D3F-1477-F4BC-C38218B25D4A</generatorID>
<ownerDesignName>Logical_Model</ownerDesignName>
<useDomainConstraints>false</useDomainConstraints>
<use>1</use>
<logicalDatatype>LOGDT024</logicalDatatype>
<dataTypeSize>10</dataTypeSize>
<ownDataTypeParameters>10,,</ownDataTypeParameters>
<autoIncrementCycle>false</autoIncrementCycle>
</Column>
<Column name="pax_language" id="3A377BC0-AB05-906B-80D6-1977E3D8C369">
<createdBy>sihaochen</createdBy>
<createdTime>2022-04-26 16:25:59 UTC</createdTime>
<commentInRDBMS><![CDATA[speaking language]]></commentInRDBMS>
<generatorID>D4CD20BB-60E7-2E84-B97B-669FC8BDAF2D</generatorID>
<ownerDesignName>Logical_Model</ownerDesignName>
<useDomainConstraints>false</useDomainConstraints>
<use>1</use>
<logicalDatatype>LOGDT024</logicalDatatype>
<dataTypeSize>20</dataTypeSize>
<ownDataTypeParameters>20,,</ownDataTypeParameters>
<autoIncrementCycle>false</autoIncrementCycle>
</Column>
<Column name="pax_phone" id="955D4798-0FDD-2417-D9D3-B196BF093C09">
<createdBy>sihaochen</createdBy>
<createdTime>2022-04-26 16:25:59 UTC</createdTime>
<commentInRDBMS><![CDATA[phone number]]></commentInRDBMS>
<generatorID>DEC7B4FC-3699-8EAA-17F5-8FD45364D762</generatorID>
<ownerDesignName>Logical_Model</ownerDesignName>
<nullsAllowed>true</nullsAllowed>
<useDomainConstraints>false</useDomainConstraints>
<use>1</use>
<logicalDatatype>LOGDT025</logicalDatatype>
<dataTypeSize>10</dataTypeSize>
<ownDataTypeParameters>10,,</ownDataTypeParameters>
<autoIncrementCycle>false</autoIncrementCycle>
</Column>
<Column name="ctry_code" id="1D28F7FF-34F5-22D3-E673-E0A49B321C26">
<createdBy>sihaochen</createdBy>
<createdTime>2022-04-26 16:25:59 UTC</createdTime>
<commentInRDBMS><![CDATA[ISO country code]]></commentInRDBMS>
<generatorID>053ED88D-C589-733B-931E-5A59E2DAE588</generatorID>
<ownerDesignName>Logical_Model</ownerDesignName>
<useDomainConstraints>false</useDomainConstraints>
<use>1</use>
<logicalDatatype>LOGDT024</logicalDatatype>
<dataTypeSize>15</dataTypeSize>
<ownDataTypeParameters>15,,</ownDataTypeParameters>
<previousColumn>false</previousColumn>
<autoIncrementCycle>false</autoIncrementCycle>
<associations>
<colAssociation fkAssociation="426B09D9-6363-DB54-4945-A650E0B9A495" referredColumn="6A9AEE0B-D3F9-3865-80EA-7CF1203FBC7A"/>
</associations>
</Column>
<Column name="PASSENGER_pax_id" id="46F6B053-F939-1306-AA18-093D64751ED5">
<createdBy>sihaochen</createdBy>
<createdTime>2022-04-26 16:25:59 UTC</createdTime>
<commentInRDBMS><![CDATA[passenger is assigned a unique id]]></commentInRDBMS>
<generatorID>F225F9C9-E235-632D-2AC1-39B13FBB2DC6</generatorID>
<ownerDesignName>Logical_Model</ownerDesignName>
<nullsAllowed>true</nullsAllowed>
<useDomainConstraints>false</useDomainConstraints>
<use>1</use>
<logicalDatatype>LOGDT019</logicalDatatype>
<dataTypePrecision>5</dataTypePrecision>
<ownDataTypeParameters>,5,</ownDataTypeParameters>
<autoIncrementCycle>false</autoIncrementCycle>
<associations>
<colAssociation fkAssociation="20E5CFDE-4255-E7FE-9C42-ABA422E1D8E9" referredColumn="6FDB4BA3-C10A-B000-234B-DEE65EB543BB"/>
</associations>
</Column>
</columns>
<indexes itemClass="oracle.dbtools.crest.model.design.relational.Index">
<ind_PK_UK id="54D1AF3A-CF66-9524-9A8C-2671C0CC96CA" name="PASSENGER_PK">
<createdBy>sihaochen</createdBy>
<createdTime>2022-04-26 16:25:59 UTC</createdTime>
<generatorID>23A06E43-FB87-29B4-781D-07F26E0AB915</generatorID>
<ownerDesignName>Logical_Model</ownerDesignName>
<pk>true</pk>
<indexState>Primary Constraint</indexState>
<isSurrogateKey>false</isSurrogateKey>
<indexColumnUsage>
<colUsage columnID="6FDB4BA3-C10A-B000-234B-DEE65EB543BB"/>
</indexColumnUsage>
</ind_PK_UK>
<ind_PK_UK id="E7C2AAE6-9874-AA2D-8BE7-C50413DC5CAF" name="COUNTRY_PASSENGER">
<createdBy>sihaochen</createdBy>
<createdTime>2022-04-26 16:26:00 UTC</createdTime>
<generatorID>7AF40F52-1516-8690-BCA0-47AAEB8296C8</generatorID>
<ownerDesignName>Logical_Model</ownerDesignName>
<indexState>Foreign Key</indexState>
<isSurrogateKey>false</isSurrogateKey>
<indexColumnUsage>
<colUsage columnID="1D28F7FF-34F5-22D3-E673-E0A49B321C26"/>
</indexColumnUsage>
</ind_PK_UK>
<ind_PK_UK id="99E55D4B-9013-732D-BD0E-55C52D0B3B7F" name="GUARDIAN">
<createdBy>MIKE</createdBy>
<createdTime>2022-04-27 02:22:32 UTC</createdTime>
<generatorID>60934038-365C-B0AF-390A-C307656F15F6</generatorID>
<ownerDesignName>Logical_Model</ownerDesignName>
<indexState>Foreign Key</indexState>
<isSurrogateKey>false</isSurrogateKey>
<indexColumnUsage>
<colUsage columnID="46F6B053-F939-1306-AA18-093D64751ED5"/>
</indexColumnUsage>
</ind_PK_UK>
</indexes>
</Table>
