<?xml version = '1.0' encoding = 'UTF-8'?>
<Table class="oracle.dbtools.crest.model.design.relational.Table" directorySegmentName="seg_0" id="19EFD22A-44BF-37DD-67EA-C05E19A60ECC" name="TRIP">
<createdBy>sihaochen</createdBy>
<createdTime>2022-04-26 16:25:59 UTC</createdTime>
<generatorID>998C85A1-173C-D02A-23FE-02DB36E9FC50</generatorID>
<ownerDesignName>Logical_Model</ownerDesignName>
<allowColumnReorder>false</allowColumnReorder>
<existDependencyGenerateInDDl>true</existDependencyGenerateInDDl>
<parsed>true</parsed>
<columns itemClass="oracle.dbtools.crest.model.design.relational.Column">
<Column name="cruise_id" id="101AEB68-458F-5F32-4F3B-9AB277EF6277">
<createdBy>sihaochen</createdBy>
<createdTime>2022-04-26 16:25:59 UTC</createdTime>
<commentInRDBMS><![CDATA[cruise is identified by a cruise id]]></commentInRDBMS>
<generatorID>AA31998A-DA0A-ED85-83FE-4F3EDB225838</generatorID>
<ownerDesignName>Logical_Model</ownerDesignName>
<useDomainConstraints>false</useDomainConstraints>
<use>1</use>
<logicalDatatype>LOGDT019</logicalDatatype>
<dataTypePrecision>4</dataTypePrecision>
<ownDataTypeParameters>,,</ownDataTypeParameters>
<previousColumn>false</previousColumn>
<autoIncrementCycle>false</autoIncrementCycle>
<associations>
<colAssociation fkAssociation="9D2E39C4-415E-1221-2E6B-1E959B9E371C" referredColumn="EC563A9D-E899-2BF2-C437-68E2C6D02100"/>
</associations>
</Column>
<Column name="port_code" id="F1765D6D-3B5B-5EA2-6B97-813AF5E2E5A0">
<createdBy>sihaochen</createdBy>
<createdTime>2022-04-26 16:25:59 UTC</createdTime>
<commentInRDBMS><![CDATA[ port code recorded to identify the port]]></commentInRDBMS>
<generatorID>83FE1443-6CC3-7E83-3FEE-D5AF0A6E57BD</generatorID>
<ownerDesignName>Logical_Model</ownerDesignName>
<useDomainConstraints>false</useDomainConstraints>
<use>1</use>
<logicalDatatype>LOGDT024</logicalDatatype>
<dataTypeSize>7</dataTypeSize>
<ownDataTypeParameters>,,</ownDataTypeParameters>
<previousColumn>false</previousColumn>
<autoIncrementCycle>false</autoIncrementCycle>
<associations>
<colAssociation fkAssociation="413B8CC9-4196-85F2-026C-2B6F1D1275D5" referredColumn="B596CED4-7AAE-8224-FFC6-D1FB0C6B4B60"/>
</associations>
</Column>
<Column name="trip_arr_dt" id="83FF86CA-820C-C75C-A06E-112328F6FB20">
<createdBy>sihaochen</createdBy>
<createdTime>2022-04-26 16:25:59 UTC</createdTime>
<commentInRDBMS><![CDATA[arrival times for a given cruise.]]></commentInRDBMS>
<generatorID>2E2FFF32-CB9F-26CC-824B-EF776B9021F0</generatorID>
<ownerDesignName>Logical_Model</ownerDesignName>
<useDomainConstraints>false</useDomainConstraints>
<use>1</use>
<logicalDatatype>LOGDT007</logicalDatatype>
<ownDataTypeParameters>,,</ownDataTypeParameters>
<autoIncrementCycle>false</autoIncrementCycle>
</Column>
<Column name="trip_dep_dt" id="B0AB065D-42CD-56EF-6389-B9A84DFDA376">
<createdBy>sihaochen</createdBy>
<createdTime>2022-04-26 16:25:59 UTC</createdTime>
<commentInRDBMS><![CDATA[departure times for a given cruise.]]></commentInRDBMS>
<generatorID>5A6B581C-5CB1-75D7-93FB-15D023530D2A</generatorID>
<ownerDesignName>Logical_Model</ownerDesignName>
<useDomainConstraints>false</useDomainConstraints>
<use>1</use>
<logicalDatatype>LOGDT007</logicalDatatype>
<ownDataTypeParameters>,,</ownDataTypeParameters>
<autoIncrementCycle>false</autoIncrementCycle>
</Column>
</columns>
<indexes itemClass="oracle.dbtools.crest.model.design.relational.Index">
<ind_PK_UK id="672307B7-FE01-16D2-79F3-3154FA57C203" name="TRIP_PK">
<createdBy>sihaochen</createdBy>
<createdTime>2022-04-26 16:25:59 UTC</createdTime>
<generatorID>8219A4F2-8637-EA97-24BB-79822BFA72B7</generatorID>
<ownerDesignName>Logical_Model</ownerDesignName>
<pk>true</pk>
<indexState>Primary Constraint</indexState>
<isSurrogateKey>false</isSurrogateKey>
<indexColumnUsage>
<colUsage columnID="101AEB68-458F-5F32-4F3B-9AB277EF6277"/>
<colUsage columnID="F1765D6D-3B5B-5EA2-6B97-813AF5E2E5A0"/>
</indexColumnUsage>
</ind_PK_UK>
<ind_PK_UK id="EBF52FA9-1728-307C-03C7-D26A04B67F2A" name="PORT_CRUISE">
<createdBy>sihaochen</createdBy>
<createdTime>2022-04-26 16:26:00 UTC</createdTime>
<generatorID>B675F9E6-3BD5-6968-BADF-759C1065ABE3</generatorID>
<ownerDesignName>Logical_Model</ownerDesignName>
<indexState>Foreign Key</indexState>
<isSurrogateKey>false</isSurrogateKey>
<indexColumnUsage>
<colUsage columnID="101AEB68-458F-5F32-4F3B-9AB277EF6277"/>
</indexColumnUsage>
</ind_PK_UK>
<ind_PK_UK id="4BD58AB6-0CC2-4963-4ED0-F2934A6478BF" name="PORT_TRIP">
<createdBy>sihaochen</createdBy>
<createdTime>2022-04-26 16:26:00 UTC</createdTime>
<generatorID>8B222182-F434-D3D5-0B6B-0CF73B79B55C</generatorID>
<ownerDesignName>Logical_Model</ownerDesignName>
<indexState>Foreign Key</indexState>
<isSurrogateKey>false</isSurrogateKey>
<indexColumnUsage>
<colUsage columnID="F1765D6D-3B5B-5EA2-6B97-813AF5E2E5A0"/>
</indexColumnUsage>
</ind_PK_UK>
</indexes>
</Table>
