<?xml version = '1.0' encoding = 'UTF-8'?>
<Table class="oracle.dbtools.crest.model.design.relational.Table" directorySegmentName="seg_0" id="1DFC0403-416D-02AC-14E7-DDB03036486D" name="TOUR_AVAILABLE">
<createdBy>sihaochen</createdBy>
<createdTime>2022-04-26 16:25:59 UTC</createdTime>
<generatorID>335605E6-7378-E4F1-FB5D-00F57FBF7165</generatorID>
<ownerDesignName>Logical_Model</ownerDesignName>
<allowColumnReorder>false</allowColumnReorder>
<existDependencyGenerateInDDl>true</existDependencyGenerateInDDl>
<parsed>true</parsed>
<columns itemClass="oracle.dbtools.crest.model.design.relational.Column">
<Column name="tour_no" id="BDABA20C-0389-AC2E-F9B4-730ABEBF2DF2">
<createdBy>sihaochen</createdBy>
<createdTime>2022-04-26 16:25:59 UTC</createdTime>
<commentInRDBMS><![CDATA[a tour number]]></commentInRDBMS>
<generatorID>1AD86042-F855-9DE1-791E-0169D77B2E66</generatorID>
<ownerDesignName>Logical_Model</ownerDesignName>
<useDomainConstraints>false</useDomainConstraints>
<use>1</use>
<logicalDatatype>LOGDT019</logicalDatatype>
<dataTypePrecision>2</dataTypePrecision>
<ownDataTypeParameters>,2,</ownDataTypeParameters>
<autoIncrementCycle>false</autoIncrementCycle>
</Column>
<Column name="port_code" id="585B2C1C-3699-E514-70FC-0D3E564883B3">
<createdBy>sihaochen</createdBy>
<createdTime>2022-04-26 16:25:59 UTC</createdTime>
<commentInRDBMS><![CDATA[ port code recorded to identify the port]]></commentInRDBMS>
<generatorID>2E3515EE-1A61-BA8B-384F-DA80E8099F28</generatorID>
<ownerDesignName>Logical_Model</ownerDesignName>
<useDomainConstraints>false</useDomainConstraints>
<use>1</use>
<logicalDatatype>LOGDT024</logicalDatatype>
<dataTypeSize>7</dataTypeSize>
<ownDataTypeParameters>,,</ownDataTypeParameters>
<previousColumn>false</previousColumn>
<autoIncrementCycle>false</autoIncrementCycle>
<associations>
<colAssociation fkAssociation="3A4935C2-3068-3679-9BEF-6121D490D663" referredColumn="B596CED4-7AAE-8224-FFC6-D1FB0C6B4B60"/>
</associations>
</Column>
<Column name="tour_mini_participants" id="ADBBCA65-83AB-0252-CB57-9076F011D814">
<createdBy>sihaochen</createdBy>
<createdTime>2022-04-26 16:25:59 UTC</createdTime>
<commentInRDBMS><![CDATA[minimum participant]]></commentInRDBMS>
<generatorID>10DDA364-35A6-3C54-5EF5-A4DF08D354D1</generatorID>
<ownerDesignName>Logical_Model</ownerDesignName>
<constraintName>ck_participant</constraintName>
<useDomainConstraints>false</useDomainConstraints>
<use>1</use>
<logicalDatatype>LOGDT019</logicalDatatype>
<dataTypePrecision>3</dataTypePrecision>
<ownDataTypeParameters>,3,</ownDataTypeParameters>
<autoIncrementCycle>false</autoIncrementCycle>
<listOfRanges>
<rangeDef class="oracle.dbtools.crest.model.design.constraint.AVT">
<beginValue>11</beginValue>
<endValue>100</endValue>
<description>minimum participant range</description>
</rangeDef>
</listOfRanges>
</Column>
<Column name="tour_name" id="1F1CF064-C6E1-683D-F723-7466A014D1C1">
<createdBy>sihaochen</createdBy>
<createdTime>2022-04-26 16:25:59 UTC</createdTime>
<commentInRDBMS><![CDATA[name of tour]]></commentInRDBMS>
<generatorID>38928BB9-3BC7-920F-FC52-BF88939076A9</generatorID>
<ownerDesignName>Logical_Model</ownerDesignName>
<useDomainConstraints>false</useDomainConstraints>
<use>1</use>
<logicalDatatype>LOGDT024</logicalDatatype>
<dataTypeSize>10</dataTypeSize>
<ownDataTypeParameters>10,,</ownDataTypeParameters>
<autoIncrementCycle>false</autoIncrementCycle>
</Column>
<Column name="tour_desc" id="CF4C55D0-292C-B921-F6B1-F1D4A1D0758C">
<createdBy>sihaochen</createdBy>
<createdTime>2022-04-26 16:25:59 UTC</createdTime>
<commentInRDBMS><![CDATA[description of tour]]></commentInRDBMS>
<generatorID>1A75A256-FF27-0624-EF7B-8E3B3FDBA0D4</generatorID>
<ownerDesignName>Logical_Model</ownerDesignName>
<useDomainConstraints>false</useDomainConstraints>
<use>1</use>
<logicalDatatype>LOGDT024</logicalDatatype>
<dataTypeSize>200</dataTypeSize>
<ownDataTypeParameters>200,,</ownDataTypeParameters>
<autoIncrementCycle>false</autoIncrementCycle>
</Column>
<Column name="tour_hours" id="920A4887-4DED-D3C4-4490-0D8B850352D3">
<createdBy>sihaochen</createdBy>
<createdTime>2022-04-26 16:25:59 UTC</createdTime>
<commentInRDBMS><![CDATA[how many hours ]]></commentInRDBMS>
<generatorID>C3F1D13A-2E00-0712-D17A-BB82D87A07C8</generatorID>
<ownerDesignName>Logical_Model</ownerDesignName>
<useDomainConstraints>false</useDomainConstraints>
<use>1</use>
<logicalDatatype>LOGDT019</logicalDatatype>
<dataTypePrecision>2</dataTypePrecision>
<dataTypeScale>1</dataTypeScale>
<ownDataTypeParameters>,2,1</ownDataTypeParameters>
<autoIncrementCycle>false</autoIncrementCycle>
</Column>
<Column name="tour_cost" id="D15C9877-91E5-5614-25FE-9C958680FCB3">
<createdBy>sihaochen</createdBy>
<createdTime>2022-04-26 16:25:59 UTC</createdTime>
<commentInRDBMS><![CDATA[money]]></commentInRDBMS>
<generatorID>3A2249D3-6914-7DCC-038A-7B1E5EA9EAB5</generatorID>
<ownerDesignName>Logical_Model</ownerDesignName>
<useDomainConstraints>false</useDomainConstraints>
<use>1</use>
<logicalDatatype>LOGDT019</logicalDatatype>
<dataTypePrecision>3</dataTypePrecision>
<ownDataTypeParameters>,3,</ownDataTypeParameters>
<autoIncrementCycle>false</autoIncrementCycle>
</Column>
<Column name="tour_wheel_chair" id="88DCFFDB-5B39-3F80-09D3-9B4D6D6497C0">
<createdBy>sihaochen</createdBy>
<createdTime>2022-04-26 16:25:59 UTC</createdTime>
<commentInRDBMS><![CDATA[yes or no]]></commentInRDBMS>
<generatorID>DBED917A-6C48-6609-390A-CEBB23A64D6F</generatorID>
<ownerDesignName>Logical_Model</ownerDesignName>
<constraintName>YES_NO</constraintName>
<useDomainConstraints>false</useDomainConstraints>
<use>1</use>
<logicalDatatype>LOGDT024</logicalDatatype>
<dataTypeSize>3</dataTypeSize>
<listOfValues>
<valueDef value="NO" description="not allow wheelchair"/>
<valueDef value="YES" description="Allow wheelchair"/>
</listOfValues>
<ownDataTypeParameters>3,,</ownDataTypeParameters>
<autoIncrementCycle>false</autoIncrementCycle>
</Column>
<Column name="tour_availablility" id="3C3223A1-15BF-A216-9A00-6BC252A11B66">
<createdBy>sihaochen</createdBy>
<createdTime>2022-04-26 16:25:59 UTC</createdTime>
<commentInRDBMS><![CDATA[availabe interval]]></commentInRDBMS>
<generatorID>9389B65B-82FB-D01A-2AA6-5323865156E4</generatorID>
<ownerDesignName>Logical_Model</ownerDesignName>
<constraintName>intervals</constraintName>
<useDomainConstraints>false</useDomainConstraints>
<use>1</use>
<logicalDatatype>LOGDT024</logicalDatatype>
<dataTypeSize>10</dataTypeSize>
<listOfValues>
<valueDef value="Daily" description=""/>
<valueDef value="Friday" description=""/>
<valueDef value="Monday" description=""/>
<valueDef value="Saturday" description=""/>
<valueDef value="Sunday" description=""/>
<valueDef value="Thursday" description=""/>
<valueDef value="Tuesday" description=""/>
<valueDef value="Wednesday" description=""/>
<valueDef value="Weekdays" description=""/>
</listOfValues>
<ownDataTypeParameters>10,,</ownDataTypeParameters>
<autoIncrementCycle>false</autoIncrementCycle>
</Column>
<Column name="tour_start_time" id="CB024F6A-0307-165A-008E-DCF609D42660">
<createdBy>sihaochen</createdBy>
<createdTime>2022-04-26 16:25:59 UTC</createdTime>
<commentInRDBMS><![CDATA[start time of tour]]></commentInRDBMS>
<generatorID>08EC557D-53C9-E79C-5F28-B67000A5219A</generatorID>
<ownerDesignName>Logical_Model</ownerDesignName>
<useDomainConstraints>false</useDomainConstraints>
<use>1</use>
<logicalDatatype>LOGDT024</logicalDatatype>
<dataTypeSize>5</dataTypeSize>
<ownDataTypeParameters>5,,</ownDataTypeParameters>
<autoIncrementCycle>false</autoIncrementCycle>
</Column>
</columns>
<indexes itemClass="oracle.dbtools.crest.model.design.relational.Index">
<ind_PK_UK id="ED897F80-6922-F8C1-2268-01895F019573" name="TOUR_AVAILABLE_PK">
<createdBy>sihaochen</createdBy>
<createdTime>2022-04-26 16:25:59 UTC</createdTime>
<generatorID>D3E91B83-03EE-A0E6-373C-325DC681F36D</generatorID>
<ownerDesignName>Logical_Model</ownerDesignName>
<pk>true</pk>
<indexState>Primary Constraint</indexState>
<isSurrogateKey>false</isSurrogateKey>
<indexColumnUsage>
<colUsage columnID="BDABA20C-0389-AC2E-F9B4-730ABEBF2DF2"/>
<colUsage columnID="585B2C1C-3699-E514-70FC-0D3E564883B3"/>
</indexColumnUsage>
</ind_PK_UK>
<ind_PK_UK id="35342791-F5FB-EFF5-7A27-17F9152E0E48" name="PORT_TOUR_AVAILABE">
<createdBy>sihaochen</createdBy>
<createdTime>2022-04-26 16:26:00 UTC</createdTime>
<generatorID>2E3697C0-D71D-B178-2E2E-240C6A499340</generatorID>
<ownerDesignName>Logical_Model</ownerDesignName>
<indexState>Foreign Key</indexState>
<isSurrogateKey>false</isSurrogateKey>
<indexColumnUsage>
<colUsage columnID="585B2C1C-3699-E514-70FC-0D3E564883B3"/>
</indexColumnUsage>
</ind_PK_UK>
</indexes>
</Table>
