<?xml version = '1.0' encoding = 'UTF-8'?>
<Table class="oracle.dbtools.crest.model.design.relational.Table" directorySegmentName="seg_0" id="2DCB6930-F78E-3F39-FF05-098E0B78F2DF" name="PARTICIPANT">
<createdBy>sihaochen</createdBy>
<createdTime>2022-04-26 16:25:59 UTC</createdTime>
<generatorID>637A299C-C923-D5EE-7627-84FCF379E59C</generatorID>
<ownerDesignName>Logical_Model</ownerDesignName>
<allowColumnReorder>false</allowColumnReorder>
<existDependencyGenerateInDDl>true</existDependencyGenerateInDDl>
<parsed>true</parsed>
<columns itemClass="oracle.dbtools.crest.model.design.relational.Column">
<Column name="pa_id" id="52FC0E00-912D-1B28-BA9D-A3E6201AABD3">
<createdBy>sihaochen</createdBy>
<createdTime>2022-04-26 16:25:59 UTC</createdTime>
<commentInRDBMS><![CDATA[id for participants]]></commentInRDBMS>
<generatorID>81389307-1A26-71D9-695C-CE5EDF91040B</generatorID>
<ownerDesignName>Logical_Model</ownerDesignName>
<useDomainConstraints>false</useDomainConstraints>
<use>1</use>
<logicalDatatype>LOGDT019</logicalDatatype>
<dataTypePrecision>4</dataTypePrecision>
<ownDataTypeParameters>,4,</ownDataTypeParameters>
<autoIncrementCycle>false</autoIncrementCycle>
</Column>
<Column name="pax_id" id="F730D532-18F5-284A-D542-5D38C44C1DDE">
<createdBy>sihaochen</createdBy>
<createdTime>2022-04-26 16:25:59 UTC</createdTime>
<commentInRDBMS><![CDATA[passenger is assigned a unique id]]></commentInRDBMS>
<generatorID>109D7C46-8121-9478-05E7-F242DEE42D3A</generatorID>
<ownerDesignName>Logical_Model</ownerDesignName>
<useDomainConstraints>false</useDomainConstraints>
<use>1</use>
<logicalDatatype>LOGDT019</logicalDatatype>
<dataTypePrecision>5</dataTypePrecision>
<ownDataTypeParameters>,,</ownDataTypeParameters>
<previousColumn>false</previousColumn>
<autoIncrementCycle>false</autoIncrementCycle>
<associations>
<colAssociation fkAssociation="266EA212-5880-E261-5BEA-2AE344621CF6" referredColumn="6FDB4BA3-C10A-B000-234B-DEE65EB543BB"/>
</associations>
</Column>
<Column name="cruise_id" id="D3433583-29B3-8C2A-2176-A10EFE429FAE">
<createdBy>sihaochen</createdBy>
<createdTime>2022-04-26 16:25:59 UTC</createdTime>
<commentInRDBMS><![CDATA[cruise is identified by a cruise id]]></commentInRDBMS>
<generatorID>D024B0C2-6198-862E-F66C-9C0A22C7DB34</generatorID>
<ownerDesignName>Logical_Model</ownerDesignName>
<useDomainConstraints>false</useDomainConstraints>
<use>1</use>
<logicalDatatype>LOGDT019</logicalDatatype>
<dataTypePrecision>4</dataTypePrecision>
<ownDataTypeParameters>,,</ownDataTypeParameters>
<previousColumn>false</previousColumn>
<autoIncrementCycle>false</autoIncrementCycle>
<associations>
<colAssociation fkAssociation="C7A226A2-37E9-1B89-43C4-CF88790754FD" referredColumn="EC563A9D-E899-2BF2-C437-68E2C6D02100"/>
</associations>
</Column>
<Column name="tour_no" id="650C682B-97A0-15C2-A025-53613647975C">
<createdBy>sihaochen</createdBy>
<createdTime>2022-04-26 16:25:59 UTC</createdTime>
<commentInRDBMS><![CDATA[a tour number]]></commentInRDBMS>
<generatorID>713BA29D-99C7-11A0-DF0F-12E9EF24BF4C</generatorID>
<ownerDesignName>Logical_Model</ownerDesignName>
<useDomainConstraints>false</useDomainConstraints>
<use>1</use>
<logicalDatatype>LOGDT019</logicalDatatype>
<dataTypePrecision>2</dataTypePrecision>
<ownDataTypeParameters>,,</ownDataTypeParameters>
<previousColumn>false</previousColumn>
<autoIncrementCycle>false</autoIncrementCycle>
<associations>
<colAssociation fkAssociation="4D29BA9A-5022-AA50-D07F-6DC52A08AB7F" referredColumn="77A5F4D0-F4A6-CD6E-FEF1-D833E6471B32"/>
</associations>
</Column>
<Column name="port_code" id="E31E6947-3C80-AC90-008A-54CEEB5D003D">
<createdBy>sihaochen</createdBy>
<createdTime>2022-04-26 16:25:59 UTC</createdTime>
<commentInRDBMS><![CDATA[ port code recorded to identify the port]]></commentInRDBMS>
<generatorID>36477F55-95FD-D031-A086-8DB368DCF20D</generatorID>
<ownerDesignName>Logical_Model</ownerDesignName>
<useDomainConstraints>false</useDomainConstraints>
<use>1</use>
<logicalDatatype>LOGDT024</logicalDatatype>
<dataTypeSize>7</dataTypeSize>
<ownDataTypeParameters>,,</ownDataTypeParameters>
<previousColumn>false</previousColumn>
<autoIncrementCycle>false</autoIncrementCycle>
<associations>
<colAssociation fkAssociation="4D29BA9A-5022-AA50-D07F-6DC52A08AB7F" referredColumn="9BE9C3DA-D391-B7D1-A1CB-DBBFDEB72C5C"/>
</associations>
</Column>
<Column name="tour_date" id="BDDB8DE8-645F-C85A-1BA7-0CFC969762C4">
<createdBy>sihaochen</createdBy>
<createdTime>2022-04-26 16:25:59 UTC</createdTime>
<commentInRDBMS><![CDATA[date of tour]]></commentInRDBMS>
<generatorID>CC5C3DA1-1751-583C-5814-14BBD6A1B1EE</generatorID>
<ownerDesignName>Logical_Model</ownerDesignName>
<useDomainConstraints>false</useDomainConstraints>
<use>1</use>
<logicalDatatype>LOGDT007</logicalDatatype>
<ownDataTypeParameters>,,</ownDataTypeParameters>
<previousColumn>false</previousColumn>
<autoIncrementCycle>false</autoIncrementCycle>
<associations>
<colAssociation fkAssociation="4D29BA9A-5022-AA50-D07F-6DC52A08AB7F" referredColumn="9393CD16-3E5C-3685-3C1C-0D9DECD5C0E0"/>
</associations>
</Column>
<Column name="pa_payment" id="382DA420-E6C2-165A-28B7-43DA5B3C30CE">
<createdBy>sihaochen</createdBy>
<createdTime>2022-04-26 16:25:59 UTC</createdTime>
<commentInRDBMS><![CDATA[received or not received]]></commentInRDBMS>
<generatorID>AEE7C1DF-30EE-3677-70E8-9F427AF2D7F4</generatorID>
<ownerDesignName>Logical_Model</ownerDesignName>
<constraintName>ck_payment</constraintName>
<useDomainConstraints>false</useDomainConstraints>
<use>1</use>
<logicalDatatype>LOGDT024</logicalDatatype>
<dataTypeSize>3</dataTypeSize>
<listOfValues>
<valueDef value="NO" description="not received"/>
<valueDef value="YES" description="received"/>
</listOfValues>
<ownDataTypeParameters>3,,</ownDataTypeParameters>
<autoIncrementCycle>false</autoIncrementCycle>
</Column>
</columns>
<indexes itemClass="oracle.dbtools.crest.model.design.relational.Index">
<ind_PK_UK id="CFB85928-9ADE-2CA1-9405-DCBCD2339BCB" name="PARTICIPANT_PK">
<createdBy>sihaochen</createdBy>
<createdTime>2022-04-26 16:25:59 UTC</createdTime>
<generatorID>68C77F7E-9F2B-95CB-500C-79F1677F7EA4</generatorID>
<ownerDesignName>Logical_Model</ownerDesignName>
<pk>true</pk>
<indexState>Primary Constraint</indexState>
<isSurrogateKey>false</isSurrogateKey>
<indexColumnUsage>
<colUsage columnID="52FC0E00-912D-1B28-BA9D-A3E6201AABD3"/>
</indexColumnUsage>
</ind_PK_UK>
<ind_PK_UK id="75BEB47D-6083-ADEF-4A58-AE0BAF240655" name="PARTICIPANT_NK">
<createdBy>sihaochen</createdBy>
<createdTime>2022-04-26 16:25:59 UTC</createdTime>
<generatorID>DD939901-5A39-AE4D-D78B-ED03D3E6E2A4</generatorID>
<ownerDesignName>Logical_Model</ownerDesignName>
<indexState>Unique Constraint</indexState>
<isSurrogateKey>false</isSurrogateKey>
<indexColumnUsage>
<colUsage columnID="F730D532-18F5-284A-D542-5D38C44C1DDE"/>
<colUsage columnID="650C682B-97A0-15C2-A025-53613647975C"/>
<colUsage columnID="E31E6947-3C80-AC90-008A-54CEEB5D003D"/>
<colUsage columnID="BDDB8DE8-645F-C85A-1BA7-0CFC969762C4"/>
<colUsage columnID="D3433583-29B3-8C2A-2176-A10EFE429FAE"/>
</indexColumnUsage>
</ind_PK_UK>
<ind_PK_UK id="81553A84-A6D3-8698-6B9D-97D7C6248276" name="CRUISE_PARTICIPANT">
<createdBy>sihaochen</createdBy>
<createdTime>2022-04-26 16:26:00 UTC</createdTime>
<generatorID>BD9CCF4E-7635-ECFA-A08A-5A8FD84986E7</generatorID>
<ownerDesignName>Logical_Model</ownerDesignName>
<indexState>Foreign Key</indexState>
<isSurrogateKey>false</isSurrogateKey>
<indexColumnUsage>
<colUsage columnID="D3433583-29B3-8C2A-2176-A10EFE429FAE"/>
</indexColumnUsage>
</ind_PK_UK>
<ind_PK_UK id="FEA6CF12-F96C-B1F2-3E0E-83F18E4F29FA" name="PASSENGER_PARTICIPANT">
<createdBy>sihaochen</createdBy>
<createdTime>2022-04-26 16:26:00 UTC</createdTime>
<generatorID>9522DCD7-12E8-80A3-BDFE-031BE18C70FF</generatorID>
<ownerDesignName>Logical_Model</ownerDesignName>
<indexState>Foreign Key</indexState>
<isSurrogateKey>false</isSurrogateKey>
<indexColumnUsage>
<colUsage columnID="F730D532-18F5-284A-D542-5D38C44C1DDE"/>
</indexColumnUsage>
</ind_PK_UK>
<ind_PK_UK id="7A6ECB04-FA72-3477-731B-3CCB31933BF3" name="TOUR_PARTICIPANT">
<createdBy>sihaochen</createdBy>
<createdTime>2022-04-26 16:26:00 UTC</createdTime>
<generatorID>5037B200-4EF5-17CF-6DF3-5E2470266FFD</generatorID>
<ownerDesignName>Logical_Model</ownerDesignName>
<indexState>Foreign Key</indexState>
<isSurrogateKey>false</isSurrogateKey>
<indexColumnUsage>
<colUsage columnID="650C682B-97A0-15C2-A025-53613647975C"/>
<colUsage columnID="E31E6947-3C80-AC90-008A-54CEEB5D003D"/>
<colUsage columnID="BDDB8DE8-645F-C85A-1BA7-0CFC969762C4"/>
</indexColumnUsage>
</ind_PK_UK>
</indexes>
</Table>
