<?xml version = '1.0' encoding = 'UTF-8'?>
<Table class="oracle.dbtools.crest.model.design.relational.Table" directorySegmentName="seg_0" id="5FF021FE-F132-1FA2-DCCB-A1F38FEA99C0" name="TOUR">
<createdBy>sihaochen</createdBy>
<createdTime>2022-04-26 16:25:59 UTC</createdTime>
<generatorID>902C0366-926F-D6D6-6F4D-76532AC8B8EA</generatorID>
<ownerDesignName>Logical_Model</ownerDesignName>
<allowColumnReorder>false</allowColumnReorder>
<existDependencyGenerateInDDl>true</existDependencyGenerateInDDl>
<parsed>true</parsed>
<columns itemClass="oracle.dbtools.crest.model.design.relational.Column">
<Column name="tour_no" id="77A5F4D0-F4A6-CD6E-FEF1-D833E6471B32">
<createdBy>sihaochen</createdBy>
<createdTime>2022-04-26 16:25:59 UTC</createdTime>
<commentInRDBMS><![CDATA[a tour number]]></commentInRDBMS>
<generatorID>1366BF51-7A0F-D286-C793-6E4A712BD354</generatorID>
<ownerDesignName>Logical_Model</ownerDesignName>
<useDomainConstraints>false</useDomainConstraints>
<use>1</use>
<logicalDatatype>LOGDT019</logicalDatatype>
<dataTypePrecision>2</dataTypePrecision>
<ownDataTypeParameters>,,</ownDataTypeParameters>
<previousColumn>false</previousColumn>
<autoIncrementCycle>false</autoIncrementCycle>
<associations>
<colAssociation fkAssociation="DD45F9AA-A699-D26F-99A4-159678D479A9" referredColumn="BDABA20C-0389-AC2E-F9B4-730ABEBF2DF2"/>
</associations>
</Column>
<Column name="port_code" id="9BE9C3DA-D391-B7D1-A1CB-DBBFDEB72C5C">
<createdBy>sihaochen</createdBy>
<createdTime>2022-04-26 16:25:59 UTC</createdTime>
<commentInRDBMS><![CDATA[ port code recorded to identify the port]]></commentInRDBMS>
<generatorID>98063C54-70C2-195A-EE3B-32C9344621BA</generatorID>
<ownerDesignName>Logical_Model</ownerDesignName>
<useDomainConstraints>false</useDomainConstraints>
<use>1</use>
<logicalDatatype>LOGDT024</logicalDatatype>
<dataTypeSize>7</dataTypeSize>
<ownDataTypeParameters>,,</ownDataTypeParameters>
<previousColumn>false</previousColumn>
<autoIncrementCycle>false</autoIncrementCycle>
<associations>
<colAssociation fkAssociation="DD45F9AA-A699-D26F-99A4-159678D479A9" referredColumn="585B2C1C-3699-E514-70FC-0D3E564883B3"/>
</associations>
</Column>
<Column name="tour_date" id="9393CD16-3E5C-3685-3C1C-0D9DECD5C0E0">
<createdBy>sihaochen</createdBy>
<createdTime>2022-04-26 16:25:59 UTC</createdTime>
<commentInRDBMS><![CDATA[date of tour]]></commentInRDBMS>
<generatorID>50934A1F-A46D-47CD-6846-19009CA04E7D</generatorID>
<ownerDesignName>Logical_Model</ownerDesignName>
<useDomainConstraints>false</useDomainConstraints>
<use>1</use>
<logicalDatatype>LOGDT007</logicalDatatype>
<ownDataTypeParameters>,,</ownDataTypeParameters>
<autoIncrementCycle>false</autoIncrementCycle>
</Column>
</columns>
<indexes itemClass="oracle.dbtools.crest.model.design.relational.Index">
<ind_PK_UK id="0B7E5B9F-C1E3-1E71-7C54-65C04398F969" name="TOUR_PK">
<createdBy>sihaochen</createdBy>
<createdTime>2022-04-26 16:25:59 UTC</createdTime>
<generatorID>4A3337E9-E806-5090-1A04-386C082E93D7</generatorID>
<ownerDesignName>Logical_Model</ownerDesignName>
<pk>true</pk>
<indexState>Primary Constraint</indexState>
<isSurrogateKey>false</isSurrogateKey>
<indexColumnUsage>
<colUsage columnID="77A5F4D0-F4A6-CD6E-FEF1-D833E6471B32"/>
<colUsage columnID="9BE9C3DA-D391-B7D1-A1CB-DBBFDEB72C5C"/>
<colUsage columnID="9393CD16-3E5C-3685-3C1C-0D9DECD5C0E0"/>
</indexColumnUsage>
</ind_PK_UK>
<ind_PK_UK id="7F753427-8C22-54EB-EE1F-DDD6826D4F57" name="EXACT_TOUR">
<createdBy>sihaochen</createdBy>
<createdTime>2022-04-26 16:26:00 UTC</createdTime>
<generatorID>05A38568-389F-07E8-79D0-0880109E56E4</generatorID>
<ownerDesignName>Logical_Model</ownerDesignName>
<indexState>Foreign Key</indexState>
<isSurrogateKey>false</isSurrogateKey>
<indexColumnUsage>
<colUsage columnID="77A5F4D0-F4A6-CD6E-FEF1-D833E6471B32"/>
<colUsage columnID="9BE9C3DA-D391-B7D1-A1CB-DBBFDEB72C5C"/>
</indexColumnUsage>
</ind_PK_UK>
</indexes>
</Table>
