<?xml version = '1.0' encoding = 'UTF-8'?>
<Table class="oracle.dbtools.crest.model.design.relational.Table" directorySegmentName="seg_0" id="843D947B-C1A0-5029-C357-70F018D51215" name="CABIN">
<createdBy>sihaochen</createdBy>
<createdTime>2022-04-26 16:25:59 UTC</createdTime>
<generatorID>9293BDB5-DCB0-2C79-4E06-C5DE452107B9</generatorID>
<ownerDesignName>Logical_Model</ownerDesignName>
<allowColumnReorder>false</allowColumnReorder>
<existDependencyGenerateInDDl>true</existDependencyGenerateInDDl>
<parsed>true</parsed>
<columns itemClass="oracle.dbtools.crest.model.design.relational.Column">
<Column name="cabin_number" id="098ED62D-EBC9-F3D9-67A2-1BEB2BB0A177">
<createdBy>sihaochen</createdBy>
<createdTime>2022-04-26 16:25:59 UTC</createdTime>
<commentInRDBMS><![CDATA[cabins on a given ship are identified by a cabin number]]></commentInRDBMS>
<generatorID>60C18795-CEA8-8C8D-25BE-3C03CAD4D891</generatorID>
<ownerDesignName>Logical_Model</ownerDesignName>
<useDomainConstraints>false</useDomainConstraints>
<use>1</use>
<logicalDatatype>LOGDT024</logicalDatatype>
<dataTypeSize>3</dataTypeSize>
<ownDataTypeParameters>3,,</ownDataTypeParameters>
<autoIncrementCycle>false</autoIncrementCycle>
</Column>
<Column name="cabin_capacity" id="CC9D614C-CE73-B838-D7E6-EF2C5251F795">
<createdBy>sihaochen</createdBy>
<createdTime>2022-04-26 16:25:59 UTC</createdTime>
<commentInRDBMS><![CDATA[e capacity of a particular cabin]]></commentInRDBMS>
<generatorID>B8F5AC5C-FD6A-17FC-3335-4BBB37A54449</generatorID>
<ownerDesignName>Logical_Model</ownerDesignName>
<useDomainConstraints>false</useDomainConstraints>
<use>1</use>
<logicalDatatype>LOGDT019</logicalDatatype>
<dataTypePrecision>2</dataTypePrecision>
<ownDataTypeParameters>,2,</ownDataTypeParameters>
<autoIncrementCycle>false</autoIncrementCycle>
</Column>
<Column name="cabin_class" id="494B6215-D112-1DE6-0DF8-8BCC3432A644">
<createdBy>sihaochen</createdBy>
<createdTime>2022-04-26 16:25:59 UTC</createdTime>
<commentInRDBMS><![CDATA[e class of the cabin]]></commentInRDBMS>
<generatorID>FC435AC1-2B50-E622-AF7E-8A60B08A95C7</generatorID>
<ownerDesignName>Logical_Model</ownerDesignName>
<constraintName>chk_cabinclass</constraintName>
<useDomainConstraints>false</useDomainConstraints>
<use>1</use>
<logicalDatatype>LOGDT025</logicalDatatype>
<dataTypeSize>2</dataTypeSize>
<listOfValues>
<valueDef value="B" description="Balcony"/>
<valueDef value="I" description="Interior"/>
<valueDef value="O" description="Oceanview"/>
<valueDef value="S" description="Suite"/>
</listOfValues>
<ownDataTypeParameters>2,,</ownDataTypeParameters>
<autoIncrementCycle>false</autoIncrementCycle>
</Column>
<Column name="ship_id" id="375B4E93-A556-6C43-F5B2-2A752BBA64D4">
<createdBy>sihaochen</createdBy>
<createdTime>2022-04-26 16:25:59 UTC</createdTime>
<commentInRDBMS><![CDATA[a ship code to identify the ship]]></commentInRDBMS>
<generatorID>42708014-CC95-6832-6E27-861735F61DB7</generatorID>
<ownerDesignName>Logical_Model</ownerDesignName>
<useDomainConstraints>false</useDomainConstraints>
<use>1</use>
<logicalDatatype>LOGDT019</logicalDatatype>
<dataTypePrecision>10</dataTypePrecision>
<ownDataTypeParameters>,,</ownDataTypeParameters>
<previousColumn>false</previousColumn>
<autoIncrementCycle>false</autoIncrementCycle>
<associations>
<colAssociation fkAssociation="F77DD5F2-B64F-6D91-B7E5-D5F22F9DF70F" referredColumn="F83F4773-E4F5-5ED9-9B4E-CEE9B6052389"/>
</associations>
</Column>
</columns>
<indexes itemClass="oracle.dbtools.crest.model.design.relational.Index">
<ind_PK_UK id="A3D979B9-682C-25C0-D744-386F5BBC45A4" name="CABIN_PK">
<createdBy>sihaochen</createdBy>
<createdTime>2022-04-26 16:25:59 UTC</createdTime>
<generatorID>33534E25-3A14-D253-19E0-64BEB53ED37F</generatorID>
<ownerDesignName>Logical_Model</ownerDesignName>
<pk>true</pk>
<indexState>Primary Constraint</indexState>
<isSurrogateKey>false</isSurrogateKey>
<indexColumnUsage>
<colUsage columnID="098ED62D-EBC9-F3D9-67A2-1BEB2BB0A177"/>
<colUsage columnID="375B4E93-A556-6C43-F5B2-2A752BBA64D4"/>
</indexColumnUsage>
</ind_PK_UK>
<ind_PK_UK id="AD282E2F-94F1-6D34-C091-248A0FC9D9A8" name="SHIP_CABIN">
<createdBy>sihaochen</createdBy>
<createdTime>2022-04-26 16:26:00 UTC</createdTime>
<generatorID>4EB66D0D-4167-CC98-8F80-CE06C303E5DB</generatorID>
<ownerDesignName>Logical_Model</ownerDesignName>
<indexState>Foreign Key</indexState>
<isSurrogateKey>false</isSurrogateKey>
<indexColumnUsage>
<colUsage columnID="375B4E93-A556-6C43-F5B2-2A752BBA64D4"/>
</indexColumnUsage>
</ind_PK_UK>
</indexes>
</Table>
