<?xml version = '1.0' encoding = 'UTF-8'?>
<Table class="oracle.dbtools.crest.model.design.relational.Table" directorySegmentName="seg_0" id="A1FB0D80-D996-49B9-7B7D-8A5811EA32EE" name="OPERATOR">
<createdBy>sihaochen</createdBy>
<createdTime>2022-04-26 16:25:59 UTC</createdTime>
<generatorID>3FEB13A2-3E4D-4715-1035-3ACB8107D62A</generatorID>
<ownerDesignName>Logical_Model</ownerDesignName>
<allowColumnReorder>false</allowColumnReorder>
<existDependencyGenerateInDDl>true</existDependencyGenerateInDDl>
<parsed>true</parsed>
<columns itemClass="oracle.dbtools.crest.model.design.relational.Column">
<Column name="operator_id" id="193ADBF6-ED8F-2D0D-4CFB-6822D34A99B6">
<createdBy>sihaochen</createdBy>
<createdTime>2022-04-26 16:25:59 UTC</createdTime>
<commentInRDBMS><![CDATA[company's id]]></commentInRDBMS>
<generatorID>2EA1C67F-3BCE-4A65-25E6-52CAA88A5CC0</generatorID>
<ownerDesignName>Logical_Model</ownerDesignName>
<useDomainConstraints>false</useDomainConstraints>
<use>1</use>
<logicalDatatype>LOGDT019</logicalDatatype>
<dataTypePrecision>10</dataTypePrecision>
<ownDataTypeParameters>,10,</ownDataTypeParameters>
<autoIncrementCycle>false</autoIncrementCycle>
</Column>
<Column name="operator_name" id="5397F6A1-6BBB-E2C1-FB60-5BA36D01F238">
<createdBy>sihaochen</createdBy>
<createdTime>2022-04-26 16:25:59 UTC</createdTime>
<commentInRDBMS><![CDATA[company's name]]></commentInRDBMS>
<generatorID>50C666D8-DFF7-6878-0BD0-CBE328555743</generatorID>
<ownerDesignName>Logical_Model</ownerDesignName>
<useDomainConstraints>false</useDomainConstraints>
<use>1</use>
<logicalDatatype>LOGDT024</logicalDatatype>
<dataTypeSize>30</dataTypeSize>
<ownDataTypeParameters>30,,</ownDataTypeParameters>
<autoIncrementCycle>false</autoIncrementCycle>
</Column>
<Column name="operator_officer" id="5E6CCF27-E36F-9068-9082-533800ADF4F0">
<createdBy>sihaochen</createdBy>
<createdTime>2022-04-26 16:25:59 UTC</createdTime>
<commentInRDBMS><![CDATA[company's CEO]]></commentInRDBMS>
<generatorID>A041D023-5E93-E119-DB54-F2A760AA0296</generatorID>
<ownerDesignName>Logical_Model</ownerDesignName>
<useDomainConstraints>false</useDomainConstraints>
<use>1</use>
<logicalDatatype>LOGDT024</logicalDatatype>
<dataTypeSize>30</dataTypeSize>
<ownDataTypeParameters>30,,</ownDataTypeParameters>
<autoIncrementCycle>false</autoIncrementCycle>
</Column>
</columns>
<indexes itemClass="oracle.dbtools.crest.model.design.relational.Index">
<ind_PK_UK id="0229ADDE-8D7D-EC19-91FF-432B67B66B44" name="OPERATOR_PK">
<createdBy>sihaochen</createdBy>
<createdTime>2022-04-26 16:25:59 UTC</createdTime>
<generatorID>EA4E2D7A-5B51-58E7-15B0-B31F71BE0F20</generatorID>
<ownerDesignName>Logical_Model</ownerDesignName>
<pk>true</pk>
<indexState>Primary Constraint</indexState>
<isSurrogateKey>false</isSurrogateKey>
<indexColumnUsage>
<colUsage columnID="193ADBF6-ED8F-2D0D-4CFB-6822D34A99B6"/>
</indexColumnUsage>
</ind_PK_UK>
</indexes>
</Table>
