<?xml version = '1.0' encoding = 'UTF-8'?>
<Table class="oracle.dbtools.crest.model.design.relational.Table" directorySegmentName="seg_0" id="A97FC30D-F262-2361-F6EA-27B4C7382EA6" name="COMMENTARY_LANGUAGE">
<createdBy>sihaochen</createdBy>
<createdTime>2022-04-26 16:25:59 UTC</createdTime>
<generatorID>A6798D7F-A9D5-9B30-E1A3-B29FF8AF4709</generatorID>
<ownerDesignName>Logical_Model</ownerDesignName>
<allowColumnReorder>false</allowColumnReorder>
<existDependencyGenerateInDDl>true</existDependencyGenerateInDDl>
<parsed>true</parsed>
<columns itemClass="oracle.dbtools.crest.model.design.relational.Column">
<Column name="tour_no" id="DA42282E-3732-E4D7-BC24-1396CE752167">
<createdBy>sihaochen</createdBy>
<createdTime>2022-04-26 16:25:59 UTC</createdTime>
<commentInRDBMS><![CDATA[a tour number]]></commentInRDBMS>
<generatorID>D4D3CDD6-CC95-ACDA-3902-00A2A439F05B</generatorID>
<ownerDesignName>Logical_Model</ownerDesignName>
<useDomainConstraints>false</useDomainConstraints>
<use>1</use>
<logicalDatatype>LOGDT019</logicalDatatype>
<dataTypePrecision>2</dataTypePrecision>
<ownDataTypeParameters>,,</ownDataTypeParameters>
<previousColumn>false</previousColumn>
<autoIncrementCycle>false</autoIncrementCycle>
<associations>
<colAssociation fkAssociation="609ECEAF-CC79-548D-BEFB-6FC2971BA236" referredColumn="BDABA20C-0389-AC2E-F9B4-730ABEBF2DF2"/>
</associations>
</Column>
<Column name="port_code" id="BCC85BD3-CB50-5DD3-33EB-85D2AE319868">
<createdBy>sihaochen</createdBy>
<createdTime>2022-04-26 16:25:59 UTC</createdTime>
<commentInRDBMS><![CDATA[ port code recorded to identify the port]]></commentInRDBMS>
<generatorID>7F6DEE29-E2B9-5865-848B-1D59AB8A94DD</generatorID>
<ownerDesignName>Logical_Model</ownerDesignName>
<useDomainConstraints>false</useDomainConstraints>
<use>1</use>
<logicalDatatype>LOGDT024</logicalDatatype>
<dataTypeSize>7</dataTypeSize>
<ownDataTypeParameters>,,</ownDataTypeParameters>
<previousColumn>false</previousColumn>
<autoIncrementCycle>false</autoIncrementCycle>
<associations>
<colAssociation fkAssociation="609ECEAF-CC79-548D-BEFB-6FC2971BA236" referredColumn="585B2C1C-3699-E514-70FC-0D3E564883B3"/>
</associations>
</Column>
<Column name="language_name" id="B98838BB-010A-D528-5EC1-144DA6F671E3">
<createdBy>sihaochen</createdBy>
<createdTime>2022-04-26 16:25:59 UTC</createdTime>
<commentInRDBMS><![CDATA[commentary language]]></commentInRDBMS>
<generatorID>997DB847-34E1-3601-C5F7-82608F610B88</generatorID>
<ownerDesignName>Logical_Model</ownerDesignName>
<useDomainConstraints>false</useDomainConstraints>
<use>1</use>
<logicalDatatype>LOGDT024</logicalDatatype>
<dataTypeSize>50</dataTypeSize>
<ownDataTypeParameters>50,,</ownDataTypeParameters>
<autoIncrementCycle>false</autoIncrementCycle>
</Column>
</columns>
<indexes itemClass="oracle.dbtools.crest.model.design.relational.Index">
<ind_PK_UK id="EBB9F14E-B597-1FCC-AF2E-EA898D232D2A" name="COMMENTARY_LANGUAGE_PK">
<createdBy>sihaochen</createdBy>
<createdTime>2022-04-26 16:25:59 UTC</createdTime>
<generatorID>790B1E91-D868-A1E8-626A-B2D3F2652B8C</generatorID>
<ownerDesignName>Logical_Model</ownerDesignName>
<pk>true</pk>
<indexState>Primary Constraint</indexState>
<isSurrogateKey>false</isSurrogateKey>
<indexColumnUsage>
<colUsage columnID="DA42282E-3732-E4D7-BC24-1396CE752167"/>
<colUsage columnID="BCC85BD3-CB50-5DD3-33EB-85D2AE319868"/>
<colUsage columnID="B98838BB-010A-D528-5EC1-144DA6F671E3"/>
</indexColumnUsage>
</ind_PK_UK>
<ind_PK_UK id="6020414C-A765-53E5-8556-4B8E2A8738AD" name="TOUR_LANGUAGE">
<createdBy>sihaochen</createdBy>
<createdTime>2022-04-26 16:26:00 UTC</createdTime>
<generatorID>428E0BAE-E9E9-17F3-2B00-3344104102B8</generatorID>
<ownerDesignName>Logical_Model</ownerDesignName>
<indexState>Foreign Key</indexState>
<isSurrogateKey>false</isSurrogateKey>
<indexColumnUsage>
<colUsage columnID="DA42282E-3732-E4D7-BC24-1396CE752167"/>
<colUsage columnID="BCC85BD3-CB50-5DD3-33EB-85D2AE319868"/>
</indexColumnUsage>
</ind_PK_UK>
</indexes>
</Table>
