<?xml version = '1.0' encoding = 'UTF-8'?>
<Table class="oracle.dbtools.crest.model.design.relational.Table" directorySegmentName="seg_0" id="AFACDEE6-BDC1-349A-C345-A18DC77717EE" name="CRUISE">
<createdBy>sihaochen</createdBy>
<createdTime>2022-04-26 16:25:59 UTC</createdTime>
<generatorID>94F0E2F3-4D2B-D94D-BFFC-E43377986810</generatorID>
<ownerDesignName>Logical_Model</ownerDesignName>
<allowColumnReorder>false</allowColumnReorder>
<existDependencyGenerateInDDl>true</existDependencyGenerateInDDl>
<parsed>true</parsed>
<columns itemClass="oracle.dbtools.crest.model.design.relational.Column">
<Column name="cruise_id" id="EC563A9D-E899-2BF2-C437-68E2C6D02100">
<createdBy>sihaochen</createdBy>
<createdTime>2022-04-26 16:25:59 UTC</createdTime>
<commentInRDBMS><![CDATA[cruise is identified by a cruise id]]></commentInRDBMS>
<generatorID>BEED1F44-78C8-DB08-A6D4-1CD28F9745C7</generatorID>
<ownerDesignName>Logical_Model</ownerDesignName>
<useDomainConstraints>false</useDomainConstraints>
<use>1</use>
<logicalDatatype>LOGDT019</logicalDatatype>
<dataTypePrecision>4</dataTypePrecision>
<ownDataTypeParameters>,4,</ownDataTypeParameters>
<autoIncrementCycle>false</autoIncrementCycle>
</Column>
<Column name="cruise_name" id="E1070200-CF2D-81CB-B82F-5360B8EED774">
<createdBy>sihaochen</createdBy>
<createdTime>2022-04-26 16:25:59 UTC</createdTime>
<commentInRDBMS><![CDATA[cruise name]]></commentInRDBMS>
<generatorID>23D9EE45-9663-C13D-1D02-32535EC5E39F</generatorID>
<ownerDesignName>Logical_Model</ownerDesignName>
<useDomainConstraints>false</useDomainConstraints>
<use>1</use>
<logicalDatatype>LOGDT024</logicalDatatype>
<dataTypeSize>20</dataTypeSize>
<ownDataTypeParameters>20,,</ownDataTypeParameters>
<autoIncrementCycle>false</autoIncrementCycle>
</Column>
<Column name="cruise_descp" id="B533FF13-A224-AD69-D310-C0DF6FBF15E3">
<createdBy>sihaochen</createdBy>
<createdTime>2022-04-26 16:25:59 UTC</createdTime>
<commentInRDBMS><![CDATA[cruise description ]]></commentInRDBMS>
<generatorID>DC73A953-BD03-F38B-E41B-D2201EACA4B6</generatorID>
<ownerDesignName>Logical_Model</ownerDesignName>
<useDomainConstraints>false</useDomainConstraints>
<use>1</use>
<logicalDatatype>LOGDT024</logicalDatatype>
<dataTypeSize>200</dataTypeSize>
<ownDataTypeParameters>200,,</ownDataTypeParameters>
<autoIncrementCycle>false</autoIncrementCycle>
</Column>
<Column name="ship_id" id="BF5FDAAC-59FC-5AC0-BC4C-49C8823BC645">
<createdBy>sihaochen</createdBy>
<createdTime>2022-04-26 16:25:59 UTC</createdTime>
<commentInRDBMS><![CDATA[a ship code to identify the ship]]></commentInRDBMS>
<generatorID>D8C988CB-3D18-3EE1-C4D1-B3CED15918C9</generatorID>
<ownerDesignName>Logical_Model</ownerDesignName>
<useDomainConstraints>false</useDomainConstraints>
<use>1</use>
<logicalDatatype>LOGDT019</logicalDatatype>
<dataTypePrecision>10</dataTypePrecision>
<ownDataTypeParameters>,,</ownDataTypeParameters>
<previousColumn>false</previousColumn>
<autoIncrementCycle>false</autoIncrementCycle>
<associations>
<colAssociation fkAssociation="3A9760F9-F428-1963-CCFF-6C44976F50DA" referredColumn="F83F4773-E4F5-5ED9-9B4E-CEE9B6052389"/>
</associations>
</Column>
</columns>
<indexes itemClass="oracle.dbtools.crest.model.design.relational.Index">
<ind_PK_UK id="4624E1CF-6CF6-AE58-B9C7-2107771453A3" name="CRUISE_PK">
<createdBy>sihaochen</createdBy>
<createdTime>2022-04-26 16:25:59 UTC</createdTime>
<generatorID>A6E6C905-54A9-5810-5BDA-D388CCD53F4E</generatorID>
<ownerDesignName>Logical_Model</ownerDesignName>
<pk>true</pk>
<indexState>Primary Constraint</indexState>
<isSurrogateKey>false</isSurrogateKey>
<indexColumnUsage>
<colUsage columnID="EC563A9D-E899-2BF2-C437-68E2C6D02100"/>
</indexColumnUsage>
</ind_PK_UK>
<ind_PK_UK id="902EBD76-6AC6-1896-B90F-E7FDEF563D96" name="SHIP_CRUISE">
<createdBy>sihaochen</createdBy>
<createdTime>2022-04-26 16:26:00 UTC</createdTime>
<generatorID>16EDE09A-909E-4A09-FE37-0BCB52A6F52E</generatorID>
<ownerDesignName>Logical_Model</ownerDesignName>
<indexState>Foreign Key</indexState>
<isSurrogateKey>false</isSurrogateKey>
<indexColumnUsage>
<colUsage columnID="BF5FDAAC-59FC-5AC0-BC4C-49C8823BC645"/>
</indexColumnUsage>
</ind_PK_UK>
</indexes>
</Table>
