<?xml version = '1.0' encoding = 'UTF-8'?>
<Table class="oracle.dbtools.crest.model.design.relational.Table" directorySegmentName="seg_0" id="B5ABEAC3-B329-C18C-2608-7CF547DD3BD9" name="PORT_TEMPERATURE">
<createdBy>sihaochen</createdBy>
<createdTime>2022-04-26 16:25:59 UTC</createdTime>
<generatorID>FB5683DF-AC5E-B666-5000-C040E3E80865</generatorID>
<ownerDesignName>Logical_Model</ownerDesignName>
<allowColumnReorder>false</allowColumnReorder>
<existDependencyGenerateInDDl>true</existDependencyGenerateInDDl>
<parsed>true</parsed>
<columns itemClass="oracle.dbtools.crest.model.design.relational.Column">
<Column name="port_code" id="313EBB12-54AD-D3E0-6AB7-8D986AF6D16C">
<createdBy>sihaochen</createdBy>
<createdTime>2022-04-26 16:25:59 UTC</createdTime>
<commentInRDBMS><![CDATA[ port code recorded to identify the port]]></commentInRDBMS>
<generatorID>9E1FC2B1-E0E3-A63E-B434-9416699B6AE3</generatorID>
<ownerDesignName>Logical_Model</ownerDesignName>
<useDomainConstraints>false</useDomainConstraints>
<use>1</use>
<logicalDatatype>LOGDT024</logicalDatatype>
<dataTypeSize>7</dataTypeSize>
<ownDataTypeParameters>,,</ownDataTypeParameters>
<previousColumn>false</previousColumn>
<autoIncrementCycle>false</autoIncrementCycle>
<associations>
<colAssociation fkAssociation="AB71F1A5-F7C2-D818-DB62-47DAB4A62FEF" referredColumn="B596CED4-7AAE-8224-FFC6-D1FB0C6B4B60"/>
</associations>
</Column>
<Column name="port_temp_mth" id="43898184-F018-30AE-A6D1-B14C7DAA0C3E">
<createdBy>sihaochen</createdBy>
<createdTime>2022-04-26 16:25:59 UTC</createdTime>
<commentInRDBMS><![CDATA[month recorded]]></commentInRDBMS>
<generatorID>DC244D72-9416-2839-8ECB-AC74E1337277</generatorID>
<ownerDesignName>Logical_Model</ownerDesignName>
<useDomainConstraints>false</useDomainConstraints>
<use>1</use>
<logicalDatatype>LOGDT025</logicalDatatype>
<dataTypeSize>3</dataTypeSize>
<ownDataTypeParameters>3,,</ownDataTypeParameters>
<autoIncrementCycle>false</autoIncrementCycle>
</Column>
<Column name="port_temp_avg_high" id="6EC1B179-69E1-EF81-3206-66A7F4EE7E89">
<createdBy>sihaochen</createdBy>
<createdTime>2022-04-26 16:25:59 UTC</createdTime>
<commentInRDBMS><![CDATA[average highest temperature]]></commentInRDBMS>
<generatorID>213258CF-2F59-9419-B89D-2FBA45849F23</generatorID>
<ownerDesignName>Logical_Model</ownerDesignName>
<useDomainConstraints>false</useDomainConstraints>
<use>1</use>
<logicalDatatype>LOGDT019</logicalDatatype>
<dataTypePrecision>2</dataTypePrecision>
<ownDataTypeParameters>,2,</ownDataTypeParameters>
<autoIncrementCycle>false</autoIncrementCycle>
</Column>
<Column name="port_temp_avg_low" id="781FA4DF-6AC8-DCBE-A73E-8C76D8EFCC3C">
<createdBy>sihaochen</createdBy>
<createdTime>2022-04-26 16:25:59 UTC</createdTime>
<commentInRDBMS><![CDATA[average lowest temperature]]></commentInRDBMS>
<generatorID>EDE8A0B6-0DEA-EE29-9E2A-3D1B5EDCF58C</generatorID>
<ownerDesignName>Logical_Model</ownerDesignName>
<useDomainConstraints>false</useDomainConstraints>
<use>1</use>
<logicalDatatype>LOGDT019</logicalDatatype>
<dataTypePrecision>2</dataTypePrecision>
<ownDataTypeParameters>,2,</ownDataTypeParameters>
<autoIncrementCycle>false</autoIncrementCycle>
</Column>
</columns>
<indexes itemClass="oracle.dbtools.crest.model.design.relational.Index">
<ind_PK_UK id="C7FD52A7-6210-C027-4BAE-24ACA4B2E2E6" name="PORT_TEMPERATURE_PK">
<createdBy>sihaochen</createdBy>
<createdTime>2022-04-26 16:25:59 UTC</createdTime>
<generatorID>37E3AFCC-8AD8-8C35-BF1C-9837A8B6F219</generatorID>
<ownerDesignName>Logical_Model</ownerDesignName>
<pk>true</pk>
<indexState>Primary Constraint</indexState>
<isSurrogateKey>false</isSurrogateKey>
<indexColumnUsage>
<colUsage columnID="313EBB12-54AD-D3E0-6AB7-8D986AF6D16C"/>
<colUsage columnID="43898184-F018-30AE-A6D1-B14C7DAA0C3E"/>
</indexColumnUsage>
</ind_PK_UK>
<ind_PK_UK id="295DC6F4-C5E1-97B4-CC87-214F912356AA" name="PORT_TEMPERATURE">
<createdBy>sihaochen</createdBy>
<createdTime>2022-04-26 16:26:00 UTC</createdTime>
<generatorID>65562F3F-07CE-45C6-BE9E-D76B542A0AE5</generatorID>
<ownerDesignName>Logical_Model</ownerDesignName>
<indexState>Foreign Key</indexState>
<isSurrogateKey>false</isSurrogateKey>
<indexColumnUsage>
<colUsage columnID="313EBB12-54AD-D3E0-6AB7-8D986AF6D16C"/>
</indexColumnUsage>
</ind_PK_UK>
</indexes>
</Table>
