<?xml version = '1.0' encoding = 'UTF-8'?>
<Table class="oracle.dbtools.crest.model.design.relational.Table" directorySegmentName="seg_0" id="E7DF4315-BC2F-7BDE-297E-B6F7D2D96E9E" name="MANIFEST">
<createdBy>sihaochen</createdBy>
<createdTime>2022-04-26 16:25:59 UTC</createdTime>
<generatorID>8D50B5BD-DDBE-065C-74E7-3DABC86B9C66</generatorID>
<ownerDesignName>Logical_Model</ownerDesignName>
<allowColumnReorder>false</allowColumnReorder>
<existDependencyGenerateInDDl>true</existDependencyGenerateInDDl>
<parsed>true</parsed>
<columns itemClass="oracle.dbtools.crest.model.design.relational.Column">
<Column name="cabin_number" id="2B4E9284-75C7-1557-7661-84ED8BD40771">
<createdBy>sihaochen</createdBy>
<createdTime>2022-04-26 16:25:59 UTC</createdTime>
<commentInRDBMS><![CDATA[cabins on a given ship are identified by a cabin number]]></commentInRDBMS>
<generatorID>2ACD3A1D-13B9-162F-5EB4-F0E959A15CD4</generatorID>
<ownerDesignName>Logical_Model</ownerDesignName>
<useDomainConstraints>false</useDomainConstraints>
<use>1</use>
<logicalDatatype>LOGDT024</logicalDatatype>
<dataTypeSize>3</dataTypeSize>
<ownDataTypeParameters>,,</ownDataTypeParameters>
<previousColumn>false</previousColumn>
<autoIncrementCycle>false</autoIncrementCycle>
<associations>
<colAssociation fkAssociation="4DCE141E-05AA-AB87-F331-826D85163509" referredColumn="098ED62D-EBC9-F3D9-67A2-1BEB2BB0A177"/>
</associations>
</Column>
<Column name="ship_id" id="AAD87818-D50B-7A7B-B83B-921D84920D0C">
<createdBy>sihaochen</createdBy>
<createdTime>2022-04-26 16:25:59 UTC</createdTime>
<commentInRDBMS><![CDATA[a ship code to identify the ship]]></commentInRDBMS>
<generatorID>9CB4C436-B4A2-E996-DA47-23A89E23ACF6</generatorID>
<ownerDesignName>Logical_Model</ownerDesignName>
<useDomainConstraints>false</useDomainConstraints>
<use>1</use>
<logicalDatatype>LOGDT019</logicalDatatype>
<dataTypePrecision>10</dataTypePrecision>
<ownDataTypeParameters>,,</ownDataTypeParameters>
<previousColumn>false</previousColumn>
<autoIncrementCycle>false</autoIncrementCycle>
<associations>
<colAssociation fkAssociation="4DCE141E-05AA-AB87-F331-826D85163509" referredColumn="375B4E93-A556-6C43-F5B2-2A752BBA64D4"/>
</associations>
</Column>
<Column name="cruise_id" id="4BD9E8DA-EAE9-E003-C506-404BC3880B89">
<createdBy>sihaochen</createdBy>
<createdTime>2022-04-26 16:25:59 UTC</createdTime>
<commentInRDBMS><![CDATA[cruise is identified by a cruise id]]></commentInRDBMS>
<generatorID>22D1AE97-A90F-3ADE-40A5-2C3D102E3AEC</generatorID>
<ownerDesignName>Logical_Model</ownerDesignName>
<useDomainConstraints>false</useDomainConstraints>
<use>1</use>
<logicalDatatype>LOGDT019</logicalDatatype>
<dataTypePrecision>4</dataTypePrecision>
<ownDataTypeParameters>,,</ownDataTypeParameters>
<previousColumn>false</previousColumn>
<autoIncrementCycle>false</autoIncrementCycle>
<associations>
<colAssociation fkAssociation="E5AEC00F-44EC-9C1F-34E1-ABB4720FB4D4" referredColumn="EC563A9D-E899-2BF2-C437-68E2C6D02100"/>
</associations>
</Column>
<Column name="pax_id" id="7890BE4E-A0E5-531C-BE89-A73280DEB5A7">
<createdBy>sihaochen</createdBy>
<createdTime>2022-04-26 16:25:59 UTC</createdTime>
<commentInRDBMS><![CDATA[passenger is assigned a unique id]]></commentInRDBMS>
<generatorID>FB38211C-4574-531C-C289-72129442B17D</generatorID>
<ownerDesignName>Logical_Model</ownerDesignName>
<useDomainConstraints>false</useDomainConstraints>
<use>1</use>
<logicalDatatype>LOGDT019</logicalDatatype>
<dataTypePrecision>5</dataTypePrecision>
<ownDataTypeParameters>,,</ownDataTypeParameters>
<previousColumn>false</previousColumn>
<autoIncrementCycle>false</autoIncrementCycle>
<associations>
<colAssociation fkAssociation="64D6180F-955B-5093-D720-366052BBF27E" referredColumn="6FDB4BA3-C10A-B000-234B-DEE65EB543BB"/>
</associations>
</Column>
<Column name="pax_board_dt" id="CA0B14D6-4633-C272-4656-4B2C348FDEFD">
<createdBy>sihaochen</createdBy>
<createdTime>2022-04-26 16:25:59 UTC</createdTime>
<commentInRDBMS><![CDATA[date and time when they first boarded the ship.]]></commentInRDBMS>
<generatorID>55FA05C3-DB08-657D-B0FC-54F5EE15630C</generatorID>
<ownerDesignName>Logical_Model</ownerDesignName>
<useDomainConstraints>false</useDomainConstraints>
<use>1</use>
<logicalDatatype>LOGDT007</logicalDatatype>
<ownDataTypeParameters>,,</ownDataTypeParameters>
<autoIncrementCycle>false</autoIncrementCycle>
</Column>
</columns>
<indexes itemClass="oracle.dbtools.crest.model.design.relational.Index">
<ind_PK_UK id="B5011F34-4925-F7AE-1E29-176EB40C99B3" name="MANIFEST_PK">
<createdBy>sihaochen</createdBy>
<createdTime>2022-04-26 16:25:59 UTC</createdTime>
<generatorID>AD4188B1-3F20-896E-6201-2693F03969D0</generatorID>
<ownerDesignName>Logical_Model</ownerDesignName>
<pk>true</pk>
<indexState>Primary Constraint</indexState>
<isSurrogateKey>false</isSurrogateKey>
<indexColumnUsage>
<colUsage columnID="2B4E9284-75C7-1557-7661-84ED8BD40771"/>
<colUsage columnID="AAD87818-D50B-7A7B-B83B-921D84920D0C"/>
<colUsage columnID="4BD9E8DA-EAE9-E003-C506-404BC3880B89"/>
<colUsage columnID="7890BE4E-A0E5-531C-BE89-A73280DEB5A7"/>
</indexColumnUsage>
</ind_PK_UK>
<ind_PK_UK id="6F747AD6-3BAA-89F6-8D11-773599134097" name="CABIN_MANIFEST">
<createdBy>sihaochen</createdBy>
<createdTime>2022-04-26 16:25:59 UTC</createdTime>
<generatorID>0B1F72B3-DDE3-5D27-B207-AA1682745A12</generatorID>
<ownerDesignName>Logical_Model</ownerDesignName>
<indexState>Foreign Key</indexState>
<isSurrogateKey>false</isSurrogateKey>
<indexColumnUsage>
<colUsage columnID="2B4E9284-75C7-1557-7661-84ED8BD40771"/>
<colUsage columnID="AAD87818-D50B-7A7B-B83B-921D84920D0C"/>
</indexColumnUsage>
</ind_PK_UK>
<ind_PK_UK id="CFFC72E2-45A3-F857-AE75-4855C35F8C5C" name="CRUISE_MANIFEST">
<createdBy>sihaochen</createdBy>
<createdTime>2022-04-26 16:26:00 UTC</createdTime>
<generatorID>E9308B85-7172-7377-3121-E375C1428539</generatorID>
<ownerDesignName>Logical_Model</ownerDesignName>
<indexState>Foreign Key</indexState>
<isSurrogateKey>false</isSurrogateKey>
<indexColumnUsage>
<colUsage columnID="4BD9E8DA-EAE9-E003-C506-404BC3880B89"/>
</indexColumnUsage>
</ind_PK_UK>
<ind_PK_UK id="EB390C30-8316-41B0-A5E2-7CEE1016E906" name="PASSENGER_MANIFEST">
<createdBy>sihaochen</createdBy>
<createdTime>2022-04-26 16:26:00 UTC</createdTime>
<generatorID>FF711F90-1808-4F51-0DA2-15E25E38EC3B</generatorID>
<ownerDesignName>Logical_Model</ownerDesignName>
<indexState>Foreign Key</indexState>
<isSurrogateKey>false</isSurrogateKey>
<indexColumnUsage>
<colUsage columnID="7890BE4E-A0E5-531C-BE89-A73280DEB5A7"/>
</indexColumnUsage>
</ind_PK_UK>
</indexes>
</Table>
