<?xml version = '1.0' encoding = 'UTF-8'?>
<Diagram class="oracle.dbtools.crest.swingui.logical.DPVLogical" name="Logical" id="890ABB5F-DCEB-040E-8A55-9A5A4576F74A">
<createdBy>Jiawei Ren; Sihao Chen; Nikita Bhararia </createdBy>
<modifiedBy>Sihao Chen</modifiedBy>
<createdTime>2022-04-22 05:18:43 UTC</createdTime>
<autoRoute>false</autoRoute>
<boxInbox>true</boxInbox>
<showLegend>true</showLegend>
<showLabels>true</showLabels>
<showRelAttributes>false</showRelAttributes>
<gridEnabled>false</gridEnabled>
<showGrid>false</showGrid>
<diagramColor>-1</diagramColor>
<display>false</display>
<notation>2</notation>
<showAllDetails>false</showAllDetails>
<showClassificationTypes>true</showClassificationTypes>
<showElements>true</showElements>
<hideDetailsOnZoomOut>false</hideDetailsOnZoomOut>
<objectViews>
<OView class="oracle.dbtools.crest.swingui.logical.TVEntity" oid="08C737A0-9DE5-8C2C-48AA-4C49FC825A53" otype="Entity" vid="CB233095-63A4-B68D-A97D-884372827690">
<hideElementsInCurrentOnly>false</hideElementsInCurrentOnly>
<bounds x="523" y="655" width="227" height="161"/>
</OView>
<OView class="oracle.dbtools.crest.swingui.logical.TVEntity" oid="335605E6-7378-E4F1-FB5D-00F57FBF7165" otype="Entity" vid="709859DC-18EB-1642-A9BF-7DE18580D979">
<hideElementsInCurrentOnly>false</hideElementsInCurrentOnly>
<bounds x="435" y="1041" width="261" height="223"/>
</OView>
<OView class="oracle.dbtools.crest.swingui.logical.TVEntity" oid="3FEB13A2-3E4D-4715-1035-3ACB8107D62A" otype="Entity" vid="1EC561EA-D34E-67AD-1AB6-3031B74F6526">
<hideElementsInCurrentOnly>false</hideElementsInCurrentOnly>
<bounds x="714" y="34" width="260" height="112"/>
</OView>
<OView class="oracle.dbtools.crest.swingui.logical.TVEntity" oid="4FD5C166-E1D4-ED40-11A9-52598196B257" otype="Entity" vid="61E0E690-4C81-3F84-95FF-3B0558AB9C8F">
<hideElementsInCurrentOnly>false</hideElementsInCurrentOnly>
<bounds x="31" y="301" width="204" height="147"/>
</OView>
<OView class="oracle.dbtools.crest.swingui.logical.TVEntity" oid="637A299C-C923-D5EE-7627-84FCF379E59C" otype="Entity" vid="26C6BA91-73B3-0BA5-4687-1A322BA688A9">
<hideElementsInCurrentOnly>false</hideElementsInCurrentOnly>
<bounds x="1017" y="928" width="230" height="146"/>
</OView>
<OView class="oracle.dbtools.crest.swingui.logical.TVEntity" oid="83CA5FB3-2EC0-DA57-74B3-966E2F211274" otype="Entity" vid="4AA78D63-CA00-DCF7-A91A-0BFE9DD521C8">
<hideElementsInCurrentOnly>false</hideElementsInCurrentOnly>
<bounds x="1166" y="641" width="250" height="228"/>
</OView>
<OView class="oracle.dbtools.crest.swingui.logical.TVEntity" oid="8D50B5BD-DDBE-065C-74E7-3DABC86B9C66" otype="Entity" vid="836E1510-454F-2E6E-B731-189F79D90E39">
<hideElementsInCurrentOnly>false</hideElementsInCurrentOnly>
<bounds x="1199" y="470" width="250" height="117"/>
</OView>
<OView class="oracle.dbtools.crest.swingui.logical.TVEntity" oid="902C0366-926F-D6D6-6F4D-76532AC8B8EA" otype="Entity" vid="E1F9C75E-7FEF-5EFD-6FFB-1B71186AAFDD">
<hideElementsInCurrentOnly>false</hideElementsInCurrentOnly>
<bounds x="680" y="841" width="243" height="139"/>
</OView>
<OView class="oracle.dbtools.crest.swingui.logical.TVEntity" oid="9293BDB5-DCB0-2C79-4E06-C5DE452107B9" otype="Entity" vid="60874361-3EA8-7218-8B1C-C20F02C26BBB">
<hideElementsInCurrentOnly>false</hideElementsInCurrentOnly>
<bounds x="1183" y="233" width="225" height="142"/>
</OView>
<OView class="oracle.dbtools.crest.swingui.logical.TVEntity" oid="94F0E2F3-4D2B-D94D-BFFC-E43377986810" otype="Entity" vid="0DB83F64-5854-0994-2531-CAE8D0237D97">
<hideElementsInCurrentOnly>false</hideElementsInCurrentOnly>
<bounds x="898" y="452" width="220" height="136"/>
</OView>
<OView class="oracle.dbtools.crest.swingui.logical.TVEntity" oid="998C85A1-173C-D02A-23FE-02DB36E9FC50" otype="Entity" vid="473E7039-1262-567D-8E27-73272E7DA71A">
<hideElementsInCurrentOnly>false</hideElementsInCurrentOnly>
<bounds x="475" y="409" width="247" height="177"/>
</OView>
<OView class="oracle.dbtools.crest.swingui.logical.TVEntity" oid="A6798D7F-A9D5-9B30-E1A3-B29FF8AF4709" otype="Entity" vid="F7E26782-3833-2C38-2422-3EEBCE795300">
<hideElementsInCurrentOnly>false</hideElementsInCurrentOnly>
<bounds x="970" y="1110" width="287" height="114"/>
</OView>
<OView class="oracle.dbtools.crest.swingui.TVLegend" oid="ABC9431A-A83E-A8DB-6EB3-7B259504CE91" otype="Legend" vid="939B5C04-3D9D-3A51-3D00-71748ABD194F">
<hideElementsInCurrentOnly>false</hideElementsInCurrentOnly>
<bounds x="10" y="10" width="284" height="135"/>
</OView>
<OView class="oracle.dbtools.crest.swingui.logical.TVEntity" oid="C522EDF6-2A05-785F-55AB-5B497002A6CB" otype="Entity" vid="3A64C5F2-FAC2-9CD8-7742-5AC75D700CE2">
<hideElementsInCurrentOnly>false</hideElementsInCurrentOnly>
<bounds x="692" y="217" width="304" height="154"/>
</OView>
<OView class="oracle.dbtools.crest.swingui.logical.TVEntity" oid="FB5683DF-AC5E-B666-5000-C040E3E80865" otype="Entity" vid="731B45C9-AB2B-00DB-A643-B1BC352C5CA8">
<hideElementsInCurrentOnly>false</hideElementsInCurrentOnly>
<bounds x="154" y="715" width="278" height="151"/>
</OView>
</objectViews>
<connectors>
<Connector class="oracle.dbtools.crest.swingui.logical.TVRelation" oid="05A38568-389F-07E8-79D0-0880109E56E4" otype="Relation" vid_source="709859DC-18EB-1642-A9BF-7DE18580D979" vid_target="E1F9C75E-7FEF-5EFD-6FFB-1B71186AAFDD">
<hideElementsInCurrentOnly>false</hideElementsInCurrentOnly>
<backgroundColor>-16777216</backgroundColor>
<lineWidth>1</lineWidth>
<sourceLabel class="oracle.dbtools.crest.model.design.Label">
<site>0</site>
<labelBounds x="688" y="989" width="25" height="30"/>
<noBackgroundColor>true</noBackgroundColor>
<noForegroundColor>true</noForegroundColor>
</sourceLabel>
<targetLabel class="oracle.dbtools.crest.model.design.Label">
<site>2</site>
<labelBounds x="688" y="1024" width="18" height="30"/>
<noBackgroundColor>true</noBackgroundColor>
<noForegroundColor>true</noForegroundColor>
</targetLabel>
<points>
<point x="688" y="1041"/>
<point x="688" y="980"/>
</points>
</Connector>
<Connector class="oracle.dbtools.crest.swingui.logical.TVRelation" oid="0B1F72B3-DDE3-5D27-B207-AA1682745A12" otype="Relation" vid_source="60874361-3EA8-7218-8B1C-C20F02C26BBB" vid_target="836E1510-454F-2E6E-B731-189F79D90E39">
<hideElementsInCurrentOnly>false</hideElementsInCurrentOnly>
<backgroundColor>-16777216</backgroundColor>
<lineWidth>1</lineWidth>
<sourceLabel class="oracle.dbtools.crest.model.design.Label">
<site>0</site>
<labelBounds x="1303" y="411" width="46" height="30"/>
<noBackgroundColor>true</noBackgroundColor>
<noForegroundColor>true</noForegroundColor>
</sourceLabel>
<targetLabel class="oracle.dbtools.crest.model.design.Label">
<site>2</site>
<labelBounds x="1303" y="434" width="18" height="30"/>
<noBackgroundColor>true</noBackgroundColor>
<noForegroundColor>true</noForegroundColor>
</targetLabel>
<points>
<point x="1303" y="375"/>
<point x="1303" y="470"/>
</points>
</Connector>
<Connector class="oracle.dbtools.crest.swingui.logical.TVRelation" oid="16EDE09A-909E-4A09-FE37-0BCB52A6F52E" otype="Relation" vid_source="3A64C5F2-FAC2-9CD8-7742-5AC75D700CE2" vid_target="0DB83F64-5854-0994-2531-CAE8D0237D97">
<hideElementsInCurrentOnly>false</hideElementsInCurrentOnly>
<backgroundColor>-16777216</backgroundColor>
<lineWidth>1</lineWidth>
<sourceLabel class="oracle.dbtools.crest.model.design.Label">
<site>0</site>
<labelBounds x="947" y="423" width="58" height="30"/>
<noBackgroundColor>true</noBackgroundColor>
<noForegroundColor>true</noForegroundColor>
</sourceLabel>
<targetLabel class="oracle.dbtools.crest.model.design.Label">
<site>2</site>
<labelBounds x="947" y="400" width="20" height="30"/>
<noBackgroundColor>true</noBackgroundColor>
<noForegroundColor>true</noForegroundColor>
</targetLabel>
<points>
<point x="947" y="371"/>
<point x="947" y="452"/>
</points>
</Connector>
<Connector class="oracle.dbtools.crest.swingui.logical.TVRelation" oid="2E3697C0-D71D-B178-2E2E-240C6A499340" otype="Relation" vid_source="CB233095-63A4-B68D-A97D-884372827690" vid_target="709859DC-18EB-1642-A9BF-7DE18580D979">
<hideElementsInCurrentOnly>false</hideElementsInCurrentOnly>
<backgroundColor>-16777216</backgroundColor>
<lineWidth>1</lineWidth>
<sourceLabel class="oracle.dbtools.crest.model.design.Label">
<site>0</site>
<labelBounds x="609" y="868" width="51" height="30"/>
<noBackgroundColor>true</noBackgroundColor>
<noForegroundColor>true</noForegroundColor>
</sourceLabel>
<targetLabel class="oracle.dbtools.crest.model.design.Label">
<site>2</site>
<labelBounds x="609" y="1005" width="18" height="30"/>
<noBackgroundColor>true</noBackgroundColor>
<noForegroundColor>true</noForegroundColor>
</targetLabel>
<points>
<point x="609" y="816"/>
<point x="609" y="1041"/>
</points>
</Connector>
<Connector class="oracle.dbtools.crest.swingui.logical.TVRelation" oid="3F397DAC-BF4B-76E5-AADD-9C2B9675B09E" otype="Relation" vid_source="61E0E690-4C81-3F84-95FF-3B0558AB9C8F" vid_target="3A64C5F2-FAC2-9CD8-7742-5AC75D700CE2">
<hideElementsInCurrentOnly>false</hideElementsInCurrentOnly>
<backgroundColor>-16777216</backgroundColor>
<lineWidth>1</lineWidth>
<sourceLabel class="oracle.dbtools.crest.model.design.Label">
<site>0</site>
<labelBounds x="245" y="306" width="66" height="30"/>
<noBackgroundColor>true</noBackgroundColor>
<noForegroundColor>true</noForegroundColor>
</sourceLabel>
<targetLabel class="oracle.dbtools.crest.model.design.Label">
<site>2</site>
<labelBounds x="668" y="339" width="18" height="30"/>
<noBackgroundColor>true</noBackgroundColor>
<noForegroundColor>true</noForegroundColor>
</targetLabel>
<points>
<point x="235" y="336"/>
<point x="692" y="336"/>
</points>
</Connector>
<Connector class="oracle.dbtools.crest.swingui.logical.TVRelation" oid="428E0BAE-E9E9-17F3-2B00-3344104102B8" otype="Relation" vid_source="709859DC-18EB-1642-A9BF-7DE18580D979" vid_target="F7E26782-3833-2C38-2422-3EEBCE795300">
<hideElementsInCurrentOnly>false</hideElementsInCurrentOnly>
<backgroundColor>-16777216</backgroundColor>
<lineWidth>1</lineWidth>
<sourceLabel class="oracle.dbtools.crest.model.design.Label">
<site>0</site>
<labelBounds x="706" y="1137" width="51" height="30"/>
<noBackgroundColor>true</noBackgroundColor>
<noForegroundColor>true</noForegroundColor>
</sourceLabel>
<targetLabel class="oracle.dbtools.crest.model.design.Label">
<site>2</site>
<labelBounds x="946" y="1170" width="18" height="30"/>
<noBackgroundColor>true</noBackgroundColor>
<noForegroundColor>true</noForegroundColor>
</targetLabel>
<points>
<point x="696" y="1167"/>
<point x="970" y="1167"/>
</points>
</Connector>
<Connector class="oracle.dbtools.crest.swingui.logical.TVRelation" oid="4EB66D0D-4167-CC98-8F80-CE06C303E5DB" otype="Relation" vid_source="3A64C5F2-FAC2-9CD8-7742-5AC75D700CE2" vid_target="60874361-3EA8-7218-8B1C-C20F02C26BBB">
<hideElementsInCurrentOnly>false</hideElementsInCurrentOnly>
<backgroundColor>-16777216</backgroundColor>
<lineWidth>1</lineWidth>
<sourceLabel class="oracle.dbtools.crest.model.design.Label">
<site>0</site>
<labelBounds x="1006" y="272" width="32" height="30"/>
<noBackgroundColor>true</noBackgroundColor>
<noForegroundColor>true</noForegroundColor>
</sourceLabel>
<targetLabel class="oracle.dbtools.crest.model.design.Label">
<site>2</site>
<labelBounds x="1159" y="305" width="18" height="30"/>
<noBackgroundColor>true</noBackgroundColor>
<noForegroundColor>true</noForegroundColor>
</targetLabel>
<points>
<point x="996" y="302"/>
<point x="1183" y="302"/>
</points>
</Connector>
<Connector class="oracle.dbtools.crest.swingui.logical.TVRelation" oid="5037B200-4EF5-17CF-6DF3-5E2470266FFD" otype="Relation" vid_source="E1F9C75E-7FEF-5EFD-6FFB-1B71186AAFDD" vid_target="26C6BA91-73B3-0BA5-4687-1A322BA688A9">
<hideElementsInCurrentOnly>false</hideElementsInCurrentOnly>
<backgroundColor>-16777216</backgroundColor>
<lineWidth>1</lineWidth>
<sourceLabel class="oracle.dbtools.crest.model.design.Label">
<site>0</site>
<labelBounds x="933" y="921" width="43" height="33"/>
<noBackgroundColor>true</noBackgroundColor>
<noForegroundColor>true</noForegroundColor>
</sourceLabel>
<targetLabel class="oracle.dbtools.crest.model.design.Label">
<site>2</site>
<labelBounds x="973" y="957" width="38" height="30"/>
<noBackgroundColor>true</noBackgroundColor>
<noForegroundColor>true</noForegroundColor>
</targetLabel>
<points>
<point x="923" y="954"/>
<point x="1017" y="954"/>
</points>
</Connector>
<Connector class="oracle.dbtools.crest.swingui.logical.TVRelation" oid="60934038-365C-B0AF-390A-C307656F15F6" otype="Relation" vid_source="4AA78D63-CA00-DCF7-A91A-0BFE9DD521C8" vid_target="4AA78D63-CA00-DCF7-A91A-0BFE9DD521C8">
<hideElementsInCurrentOnly>false</hideElementsInCurrentOnly>
<backgroundColor>-16777216</backgroundColor>
<lineWidth>1</lineWidth>
<points>
<point x="1166" y="641"/>
<point x="1166" y="641"/>
</points>
</Connector>
<Connector class="oracle.dbtools.crest.swingui.logical.TVRelation" oid="65562F3F-07CE-45C6-BE9E-D76B542A0AE5" otype="Relation" vid_source="CB233095-63A4-B68D-A97D-884372827690" vid_target="731B45C9-AB2B-00DB-A643-B1BC352C5CA8">
<hideElementsInCurrentOnly>false</hideElementsInCurrentOnly>
<backgroundColor>-16777216</backgroundColor>
<lineWidth>1</lineWidth>
<sourceLabel class="oracle.dbtools.crest.model.design.Label">
<site>0</site>
<labelBounds x="466" y="735" width="51" height="30"/>
<noBackgroundColor>true</noBackgroundColor>
<noForegroundColor>true</noForegroundColor>
</sourceLabel>
<targetLabel class="oracle.dbtools.crest.model.design.Label">
<site>2</site>
<labelBounds x="442" y="768" width="18" height="30"/>
<noBackgroundColor>true</noBackgroundColor>
<noForegroundColor>true</noForegroundColor>
</targetLabel>
<points>
<point x="523" y="765"/>
<point x="432" y="765"/>
</points>
</Connector>
<Connector class="oracle.dbtools.crest.swingui.logical.TVRelation" oid="7AF40F52-1516-8690-BCA0-47AAEB8296C8" otype="Relation" vid_source="61E0E690-4C81-3F84-95FF-3B0558AB9C8F" vid_target="4AA78D63-CA00-DCF7-A91A-0BFE9DD521C8">
<hideElementsInCurrentOnly>false</hideElementsInCurrentOnly>
<backgroundColor>-16777216</backgroundColor>
<lineWidth>1</lineWidth>
<sourceLabel class="oracle.dbtools.crest.model.design.Label">
<site>0</site>
<labelBounds x="66" y="492" width="38" height="30"/>
<noBackgroundColor>true</noBackgroundColor>
<noForegroundColor>true</noForegroundColor>
</sourceLabel>
<targetLabel class="oracle.dbtools.crest.model.design.Label">
<site>2</site>
<labelBounds x="1313" y="921" width="18" height="30"/>
<noBackgroundColor>true</noBackgroundColor>
<noForegroundColor>true</noForegroundColor>
</targetLabel>
<points>
<point x="66" y="448"/>
<point x="66" y="1264"/>
<point x="1313" y="1284"/>
<point x="1313" y="869"/>
</points>
</Connector>
<Connector class="oracle.dbtools.crest.swingui.logical.TVRelation" oid="894635E8-090F-11AB-2D2E-8ADF117F2401" otype="Relation" vid_source="61E0E690-4C81-3F84-95FF-3B0558AB9C8F" vid_target="CB233095-63A4-B68D-A97D-884372827690">
<hideElementsInCurrentOnly>false</hideElementsInCurrentOnly>
<backgroundColor>-16777216</backgroundColor>
<lineWidth>1</lineWidth>
<sourceLabel class="oracle.dbtools.crest.model.design.Label">
<site>0</site>
<labelBounds x="205" y="484" width="69" height="30"/>
<noBackgroundColor>true</noBackgroundColor>
<noForegroundColor>true</noForegroundColor>
</sourceLabel>
<targetLabel class="oracle.dbtools.crest.model.design.Label">
<site>2</site>
<labelBounds x="499" y="666" width="18" height="30"/>
<noBackgroundColor>true</noBackgroundColor>
<noForegroundColor>true</noForegroundColor>
</targetLabel>
<points>
<point x="205" y="448"/>
<point x="205" y="663"/>
<point x="523" y="663"/>
</points>
</Connector>
<Connector class="oracle.dbtools.crest.swingui.logical.TVRelation" oid="8B222182-F434-D3D5-0B6B-0CF73B79B55C" otype="Relation" vid_source="CB233095-63A4-B68D-A97D-884372827690" vid_target="473E7039-1262-567D-8E27-73272E7DA71A">
<hideElementsInCurrentOnly>false</hideElementsInCurrentOnly>
<backgroundColor>-16777216</backgroundColor>
<lineWidth>1</lineWidth>
<sourceLabel class="oracle.dbtools.crest.model.design.Label">
<site>0</site>
<labelBounds x="622" y="611" width="18" height="30"/>
<noBackgroundColor>true</noBackgroundColor>
<noForegroundColor>true</noForegroundColor>
</sourceLabel>
<targetLabel class="oracle.dbtools.crest.model.design.Label">
<site>2</site>
<labelBounds x="622" y="622" width="56" height="30"/>
<noBackgroundColor>true</noBackgroundColor>
<noForegroundColor>true</noForegroundColor>
</targetLabel>
<points>
<point x="622" y="655"/>
<point x="622" y="586"/>
</points>
</Connector>
<Connector class="oracle.dbtools.crest.swingui.logical.TVRelation" oid="9522DCD7-12E8-80A3-BDFE-031BE18C70FF" otype="Relation" vid_source="4AA78D63-CA00-DCF7-A91A-0BFE9DD521C8" vid_target="26C6BA91-73B3-0BA5-4687-1A322BA688A9">
<hideElementsInCurrentOnly>false</hideElementsInCurrentOnly>
<backgroundColor>-16777216</backgroundColor>
<lineWidth>1</lineWidth>
<sourceLabel class="oracle.dbtools.crest.model.design.Label">
<site>0</site>
<labelBounds x="1206" y="913" width="18" height="30"/>
<noBackgroundColor>true</noBackgroundColor>
<noForegroundColor>true</noForegroundColor>
</sourceLabel>
<targetLabel class="oracle.dbtools.crest.model.design.Label">
<site>2</site>
<labelBounds x="1206" y="886" width="66" height="28"/>
<noBackgroundColor>true</noBackgroundColor>
<noForegroundColor>true</noForegroundColor>
</targetLabel>
<points>
<point x="1206" y="869"/>
<point x="1206" y="928"/>
</points>
</Connector>
<Connector class="oracle.dbtools.crest.swingui.logical.TVRelation" oid="B54F5F93-AF18-E03F-1672-4B4D51D16594" otype="Relation" vid_source="1EC561EA-D34E-67AD-1AB6-3031B74F6526" vid_target="3A64C5F2-FAC2-9CD8-7742-5AC75D700CE2">
<hideElementsInCurrentOnly>false</hideElementsInCurrentOnly>
<backgroundColor>-16777216</backgroundColor>
<lineWidth>1</lineWidth>
<points>
<point x="844" y="146"/>
<point x="844" y="217"/>
</points>
</Connector>
<Connector class="oracle.dbtools.crest.swingui.logical.TVRelation" oid="B675F9E6-3BD5-6968-BADF-759C1065ABE3" otype="Relation" vid_source="0DB83F64-5854-0994-2531-CAE8D0237D97" vid_target="473E7039-1262-567D-8E27-73272E7DA71A">
<hideElementsInCurrentOnly>false</hideElementsInCurrentOnly>
<backgroundColor>-16777216</backgroundColor>
<lineWidth>1</lineWidth>
<sourceLabel class="oracle.dbtools.crest.model.design.Label">
<site>0</site>
<labelBounds x="834" y="489" width="58" height="30"/>
<noBackgroundColor>true</noBackgroundColor>
<noForegroundColor>true</noForegroundColor>
</sourceLabel>
<targetLabel class="oracle.dbtools.crest.model.design.Label">
<site>2</site>
<labelBounds x="732" y="522" width="18" height="30"/>
<noBackgroundColor>true</noBackgroundColor>
<noForegroundColor>true</noForegroundColor>
</targetLabel>
<points>
<point x="898" y="519"/>
<point x="722" y="519"/>
</points>
</Connector>
<Connector class="oracle.dbtools.crest.swingui.logical.TVRelation" oid="BD9CCF4E-7635-ECFA-A08A-5A8FD84986E7" otype="Relation" vid_source="0DB83F64-5854-0994-2531-CAE8D0237D97" vid_target="26C6BA91-73B3-0BA5-4687-1A322BA688A9">
<hideElementsInCurrentOnly>false</hideElementsInCurrentOnly>
<backgroundColor>-16777216</backgroundColor>
<lineWidth>1</lineWidth>
<sourceLabel class="oracle.dbtools.crest.model.design.Label">
<site>0</site>
<labelBounds x="1067" y="640" width="24" height="30"/>
<noBackgroundColor>true</noBackgroundColor>
<noForegroundColor>true</noForegroundColor>
</sourceLabel>
<targetLabel class="oracle.dbtools.crest.model.design.Label">
<site>2</site>
<labelBounds x="1067" y="876" width="18" height="30"/>
<noBackgroundColor>true</noBackgroundColor>
<noForegroundColor>true</noForegroundColor>
</targetLabel>
<points>
<point x="1067" y="588"/>
<point x="1067" y="928"/>
</points>
</Connector>
<Connector class="oracle.dbtools.crest.swingui.logical.TVRelation" oid="E9308B85-7172-7377-3121-E375C1428539" otype="Relation" vid_source="0DB83F64-5854-0994-2531-CAE8D0237D97" vid_target="836E1510-454F-2E6E-B731-189F79D90E39">
<hideElementsInCurrentOnly>false</hideElementsInCurrentOnly>
<backgroundColor>-16777216</backgroundColor>
<lineWidth>1</lineWidth>
<sourceLabel class="oracle.dbtools.crest.model.design.Label">
<site>0</site>
<labelBounds x="1128" y="498" width="63" height="30"/>
<noBackgroundColor>true</noBackgroundColor>
<noForegroundColor>true</noForegroundColor>
</sourceLabel>
<targetLabel class="oracle.dbtools.crest.model.design.Label">
<site>2</site>
<labelBounds x="1175" y="531" width="18" height="30"/>
<noBackgroundColor>true</noBackgroundColor>
<noForegroundColor>true</noForegroundColor>
</targetLabel>
<points>
<point x="1118" y="528"/>
<point x="1199" y="528"/>
</points>
</Connector>
<Connector class="oracle.dbtools.crest.swingui.logical.TVRelation" oid="FF711F90-1808-4F51-0DA2-15E25E38EC3B" otype="Relation" vid_source="4AA78D63-CA00-DCF7-A91A-0BFE9DD521C8" vid_target="836E1510-454F-2E6E-B731-189F79D90E39">
<hideElementsInCurrentOnly>false</hideElementsInCurrentOnly>
<backgroundColor>-16777216</backgroundColor>
<lineWidth>1</lineWidth>
<sourceLabel class="oracle.dbtools.crest.model.design.Label">
<site>0</site>
<labelBounds x="1307" y="597" width="51" height="30"/>
<noBackgroundColor>true</noBackgroundColor>
<noForegroundColor>true</noForegroundColor>
</sourceLabel>
<targetLabel class="oracle.dbtools.crest.model.design.Label">
<site>2</site>
<labelBounds x="1307" y="639" width="18" height="30"/>
<noBackgroundColor>true</noBackgroundColor>
<noForegroundColor>true</noForegroundColor>
</targetLabel>
<points>
<point x="1307" y="641"/>
<point x="1307" y="587"/>
</points>
</Connector>
</connectors>
</Diagram>
