<?xml version = '1.0' encoding = 'UTF-8'?>
<Diagram class="oracle.dbtools.crest.swingui.logical.DPVLogicalSubView" name="Logical - SubView_1" id="EB335929-6B37-058D-0522-E5E5F48ECE4E">
<createdBy>MIKE</createdBy>
<modifiedBy>MIKE</modifiedBy>
<createdTime>2022-04-24 08:10:33 UTC</createdTime>
<autoRoute>false</autoRoute>
<boxInbox>false</boxInbox>
<showLegend>false</showLegend>
<showLabels>false</showLabels>
<showRelAttributes>false</showRelAttributes>
<gridEnabled>false</gridEnabled>
<showGrid>false</showGrid>
<diagramColor>-1</diagramColor>
<display>false</display>
<notation>2</notation>
<showComments>true</showComments>
<showClassificationTypes>true</showClassificationTypes>
</Diagram>
