<?xml version = '1.0' encoding = 'UTF-8'?>
<Entity class="oracle.dbtools.crest.model.design.logical.Entity" directorySegmentName="seg_0" id="08C737A0-9DE5-8C2C-48AA-4C49FC825A53" name="PORT">
<createdBy>MIKE</createdBy>
<createdTime>2022-04-24 07:36:05 UTC</createdTime>
<ownerDesignName>Logical_Model</ownerDesignName>
<engineerTo>
<item key="2C0023F1-8BDE-5239-DEA7-82C82881DDE8" value="true"/>
</engineerTo>
<adequatelyNormalized>NO</adequatelyNormalized>
<expectedVolumes>0</expectedVolumes>
<fwdEngineeringStrategyName>Single Table</fwdEngineeringStrategyName>
<growthPercent>0</growthPercent>
<growthType>Year</growthType>
<maxVolumes>9999999</maxVolumes>
<minVolumes>0</minVolumes>
<normalForm>Third</normalForm>
<attributes itemClass="oracle.dbtools.crest.model.design.logical.Attribute">
<Attribute name="port_code" id="DBF367B5-FEF4-47F6-F901-030734CB4982">
<createdBy>MIKE</createdBy>
<createdTime>2022-04-24 07:38:07 UTC</createdTime>
<commentInRDBMS><![CDATA[ port code recorded to identify the port]]></commentInRDBMS>
<ownerDesignName>Logical_Model</ownerDesignName>
<engineerTo>
<item key="2C0023F1-8BDE-5239-DEA7-82C82881DDE8" value="true"/>
</engineerTo>
<useDomainConstraints>false</useDomainConstraints>
<use>1</use>
<logicalDatatype>LOGDT024</logicalDatatype>
<dataTypeSize>7</dataTypeSize>
<ownDataTypeParameters>7,,</ownDataTypeParameters>
</Attribute>
<Attribute name="port_name" id="88963920-B362-9593-4152-F9BBC1B1F605">
<createdBy>MIKE</createdBy>
<createdTime>2022-04-24 07:38:07 UTC</createdTime>
<commentInRDBMS><![CDATA[port's name,
]]></commentInRDBMS>
<ownerDesignName>Logical_Model</ownerDesignName>
<engineerTo>
<item key="2C0023F1-8BDE-5239-DEA7-82C82881DDE8" value="true"/>
</engineerTo>
<useDomainConstraints>false</useDomainConstraints>
<use>1</use>
<logicalDatatype>LOGDT024</logicalDatatype>
<dataTypeSize>10</dataTypeSize>
<ownDataTypeParameters>10,,</ownDataTypeParameters>
</Attribute>
<Attribute name="port_ctry" id="013B9008-3B70-8704-BD6E-141BDA8928C6">
<createdBy>MIKE</createdBy>
<createdTime>2022-04-24 07:38:07 UTC</createdTime>
<commentInRDBMS><![CDATA[country the port is in]]></commentInRDBMS>
<ownerDesignName>Logical_Model</ownerDesignName>
<engineerTo>
<item key="2C0023F1-8BDE-5239-DEA7-82C82881DDE8" value="true"/>
</engineerTo>
<useDomainConstraints>false</useDomainConstraints>
<use>1</use>
<logicalDatatype>LOGDT024</logicalDatatype>
<dataTypeSize>10</dataTypeSize>
<ownDataTypeParameters>10,,</ownDataTypeParameters>
</Attribute>
<Attribute name="port_population" id="227732A5-EFF5-96F6-64D7-AEFE828BAC84">
<createdBy>MIKE</createdBy>
<createdTime>2022-04-24 07:38:08 UTC</createdTime>
<commentInRDBMS><![CDATA[ port population]]></commentInRDBMS>
<ownerDesignName>Logical_Model</ownerDesignName>
<engineerTo>
<item key="2C0023F1-8BDE-5239-DEA7-82C82881DDE8" value="true"/>
</engineerTo>
<useDomainConstraints>false</useDomainConstraints>
<use>1</use>
<logicalDatatype>LOGDT019</logicalDatatype>
<dataTypePrecision>7</dataTypePrecision>
<ownDataTypeParameters>,7,</ownDataTypeParameters>
</Attribute>
<Attribute name="port_longitude" id="053BE644-B1D6-13E6-3E7A-7148E80CF1BF">
<createdBy>MIKE</createdBy>
<createdTime>2022-04-24 07:38:08 UTC</createdTime>
<commentInRDBMS><![CDATA[longitude]]></commentInRDBMS>
<ownerDesignName>Logical_Model</ownerDesignName>
<engineerTo>
<item key="2C0023F1-8BDE-5239-DEA7-82C82881DDE8" value="true"/>
</engineerTo>
<useDomainConstraints>false</useDomainConstraints>
<use>1</use>
<logicalDatatype>LOGDT019</logicalDatatype>
<dataTypePrecision>9</dataTypePrecision>
<dataTypeScale>7</dataTypeScale>
<ownDataTypeParameters>,9,7</ownDataTypeParameters>
</Attribute>
<Attribute name="port_latitude" id="5CFC095B-3379-822F-0C3A-C079356D1ABC">
<createdBy>MIKE</createdBy>
<createdTime>2022-04-24 07:38:08 UTC</createdTime>
<commentInRDBMS><![CDATA[latitude]]></commentInRDBMS>
<ownerDesignName>Logical_Model</ownerDesignName>
<engineerTo>
<item key="2C0023F1-8BDE-5239-DEA7-82C82881DDE8" value="true"/>
</engineerTo>
<useDomainConstraints>false</useDomainConstraints>
<use>1</use>
<logicalDatatype>LOGDT019</logicalDatatype>
<dataTypePrecision>9</dataTypePrecision>
<dataTypeScale>7</dataTypeScale>
<ownDataTypeParameters>,9,7</ownDataTypeParameters>
</Attribute>
<Attribute name="ctry_code" id="F811612A-9CDF-F86E-C31F-8113444E7F90">
<createdBy>MIKE</createdBy>
<createdTime>2022-04-24 07:47:06 UTC</createdTime>
<commentInRDBMS><![CDATA[ISO country code]]></commentInRDBMS>
<generatorID>894635E8-090F-11AB-2D2E-8ADF117F2401</generatorID>
<ownerDesignName>Logical_Model</ownerDesignName>
<engineerTo>
<item key="2C0023F1-8BDE-5239-DEA7-82C82881DDE8" value="true"/>
</engineerTo>
<referedAttribute>71B04762-4452-88CA-0FC3-9E1EF5A16A91</referedAttribute>
<useDomainConstraints>false</useDomainConstraints>
<use>1</use>
<logicalDatatype>LOGDT024</logicalDatatype>
<dataTypeSize>15</dataTypeSize>
<ownDataTypeParameters>15,,</ownDataTypeParameters>
</Attribute>
</attributes>
<identifiers itemClass="oracle.dbtools.crest.model.design.logical.CandidateKey">
<identifier id="BCC8861F-4DB6-652C-F59F-D79A69C6B48B" name="PORT PK">
<createdBy>MIKE</createdBy>
<createdTime>2022-04-24 07:39:08 UTC</createdTime>
<ownerDesignName>Logical_Model</ownerDesignName>
<shouldEngineer>false</shouldEngineer>
<engineerTo>
<item key="2C0023F1-8BDE-5239-DEA7-82C82881DDE8" value="false"/>
</engineerTo>
<pk>true</pk>
<usedAttributes>
<attributeRef>DBF367B5-FEF4-47F6-F901-030734CB4982</attributeRef>
</usedAttributes>
</identifier>
</identifiers>
</Entity>
