<?xml version = '1.0' encoding = 'UTF-8'?>
<Entity class="oracle.dbtools.crest.model.design.logical.Entity" directorySegmentName="seg_0" id="335605E6-7378-E4F1-FB5D-00F57FBF7165" name="TOUR_AVAILABLE">
<createdBy>MIKE</createdBy>
<createdTime>2022-04-24 07:52:48 UTC</createdTime>
<ownerDesignName>Logical_Model</ownerDesignName>
<engineerTo>
<item key="2C0023F1-8BDE-5239-DEA7-82C82881DDE8" value="true"/>
</engineerTo>
<adequatelyNormalized>NO</adequatelyNormalized>
<expectedVolumes>0</expectedVolumes>
<fwdEngineeringStrategyName>Single Table</fwdEngineeringStrategyName>
<growthPercent>0</growthPercent>
<growthType>Year</growthType>
<maxVolumes>9999999</maxVolumes>
<minVolumes>0</minVolumes>
<normalForm>Third</normalForm>
<attributes itemClass="oracle.dbtools.crest.model.design.logical.Attribute">
<Attribute name="tour_no" id="1AD86042-F855-9DE1-791E-0169D77B2E66">
<createdBy>MIKE</createdBy>
<createdTime>2022-04-24 07:52:57 UTC</createdTime>
<commentInRDBMS><![CDATA[a tour number]]></commentInRDBMS>
<ownerDesignName>Logical_Model</ownerDesignName>
<engineerTo>
<item key="2C0023F1-8BDE-5239-DEA7-82C82881DDE8" value="true"/>
</engineerTo>
<useDomainConstraints>false</useDomainConstraints>
<use>1</use>
<logicalDatatype>LOGDT019</logicalDatatype>
<dataTypePrecision>2</dataTypePrecision>
<ownDataTypeParameters>,2,</ownDataTypeParameters>
</Attribute>
<Attribute name="port_code" id="2E3515EE-1A61-BA8B-384F-DA80E8099F28">
<createdBy>MIKE</createdBy>
<createdTime>2022-04-24 07:55:00 UTC</createdTime>
<commentInRDBMS><![CDATA[ port code recorded to identify the port]]></commentInRDBMS>
<generatorID>2E3697C0-D71D-B178-2E2E-240C6A499340</generatorID>
<ownerDesignName>Logical_Model</ownerDesignName>
<engineerTo>
<item key="2C0023F1-8BDE-5239-DEA7-82C82881DDE8" value="true"/>
</engineerTo>
<referedAttribute>DBF367B5-FEF4-47F6-F901-030734CB4982</referedAttribute>
<useDomainConstraints>false</useDomainConstraints>
<use>1</use>
<logicalDatatype>LOGDT024</logicalDatatype>
<dataTypeSize>7</dataTypeSize>
<ownDataTypeParameters>7,,</ownDataTypeParameters>
</Attribute>
<Attribute name="tour_mini_participants " id="10DDA364-35A6-3C54-5EF5-A4DF08D354D1">
<createdBy>MIKE</createdBy>
<createdTime>2022-04-24 08:04:09 UTC</createdTime>
<commentInRDBMS><![CDATA[minimum participant]]></commentInRDBMS>
<ownerDesignName>Logical_Model</ownerDesignName>
<engineerTo>
<item key="2C0023F1-8BDE-5239-DEA7-82C82881DDE8" value="true"/>
</engineerTo>
<constraintName>ck_participant</constraintName>
<useDomainConstraints>false</useDomainConstraints>
<use>1</use>
<logicalDatatype>LOGDT019</logicalDatatype>
<dataTypePrecision>3</dataTypePrecision>
<ownDataTypeParameters>,3,</ownDataTypeParameters>
<listOfRanges>
<rangeDef class="oracle.dbtools.crest.model.design.constraint.AVT">
<beginValue>11</beginValue>
<endValue>100</endValue>
<description>minimum participant range</description>
</rangeDef>
</listOfRanges>
</Attribute>
<Attribute name="tour_name" id="38928BB9-3BC7-920F-FC52-BF88939076A9">
<createdBy>MIKE</createdBy>
<createdTime>2022-04-24 08:04:09 UTC</createdTime>
<commentInRDBMS><![CDATA[name of tour]]></commentInRDBMS>
<ownerDesignName>Logical_Model</ownerDesignName>
<engineerTo>
<item key="2C0023F1-8BDE-5239-DEA7-82C82881DDE8" value="true"/>
</engineerTo>
<useDomainConstraints>false</useDomainConstraints>
<use>1</use>
<logicalDatatype>LOGDT024</logicalDatatype>
<dataTypeSize>10</dataTypeSize>
<ownDataTypeParameters>10,,</ownDataTypeParameters>
</Attribute>
<Attribute name="tour_desc" id="1A75A256-FF27-0624-EF7B-8E3B3FDBA0D4">
<createdBy>MIKE</createdBy>
<createdTime>2022-04-24 08:04:09 UTC</createdTime>
<commentInRDBMS><![CDATA[description of tour]]></commentInRDBMS>
<ownerDesignName>Logical_Model</ownerDesignName>
<engineerTo>
<item key="2C0023F1-8BDE-5239-DEA7-82C82881DDE8" value="true"/>
</engineerTo>
<useDomainConstraints>false</useDomainConstraints>
<use>1</use>
<logicalDatatype>LOGDT024</logicalDatatype>
<dataTypeSize>200</dataTypeSize>
<ownDataTypeParameters>200,,</ownDataTypeParameters>
</Attribute>
<Attribute name="tour_hours" id="C3F1D13A-2E00-0712-D17A-BB82D87A07C8">
<createdBy>MIKE</createdBy>
<createdTime>2022-04-24 08:04:10 UTC</createdTime>
<commentInRDBMS><![CDATA[how many hours ]]></commentInRDBMS>
<ownerDesignName>Logical_Model</ownerDesignName>
<engineerTo>
<item key="2C0023F1-8BDE-5239-DEA7-82C82881DDE8" value="true"/>
</engineerTo>
<useDomainConstraints>false</useDomainConstraints>
<use>1</use>
<logicalDatatype>LOGDT019</logicalDatatype>
<dataTypePrecision>2</dataTypePrecision>
<dataTypeScale>1</dataTypeScale>
<ownDataTypeParameters>,2,1</ownDataTypeParameters>
</Attribute>
<Attribute name="tour_cost" id="3A2249D3-6914-7DCC-038A-7B1E5EA9EAB5">
<createdBy>MIKE</createdBy>
<createdTime>2022-04-24 08:04:10 UTC</createdTime>
<commentInRDBMS><![CDATA[money]]></commentInRDBMS>
<ownerDesignName>Logical_Model</ownerDesignName>
<engineerTo>
<item key="2C0023F1-8BDE-5239-DEA7-82C82881DDE8" value="true"/>
</engineerTo>
<useDomainConstraints>false</useDomainConstraints>
<use>1</use>
<logicalDatatype>LOGDT019</logicalDatatype>
<dataTypePrecision>3</dataTypePrecision>
<ownDataTypeParameters>,3,</ownDataTypeParameters>
</Attribute>
<Attribute name="tour_wheel_chair" id="DBED917A-6C48-6609-390A-CEBB23A64D6F">
<createdBy>MIKE</createdBy>
<createdTime>2022-04-24 08:04:10 UTC</createdTime>
<commentInRDBMS><![CDATA[yes or no]]></commentInRDBMS>
<ownerDesignName>Logical_Model</ownerDesignName>
<engineerTo>
<item key="2C0023F1-8BDE-5239-DEA7-82C82881DDE8" value="true"/>
</engineerTo>
<constraintName>YES_NO</constraintName>
<useDomainConstraints>false</useDomainConstraints>
<use>1</use>
<logicalDatatype>LOGDT024</logicalDatatype>
<dataTypeSize>3</dataTypeSize>
<listOfValues>
<valueDef value="NO" description="not allow wheelchair"/>
<valueDef value="YES" description="Allow wheelchair"/>
</listOfValues>
<ownDataTypeParameters>3,,</ownDataTypeParameters>
</Attribute>
<Attribute name="tour_availablility" id="9389B65B-82FB-D01A-2AA6-5323865156E4">
<createdBy>MIKE</createdBy>
<createdTime>2022-04-24 08:04:10 UTC</createdTime>
<commentInRDBMS><![CDATA[availabe interval]]></commentInRDBMS>
<ownerDesignName>Logical_Model</ownerDesignName>
<engineerTo>
<item key="2C0023F1-8BDE-5239-DEA7-82C82881DDE8" value="true"/>
</engineerTo>
<constraintName>intervals</constraintName>
<useDomainConstraints>false</useDomainConstraints>
<use>1</use>
<logicalDatatype>LOGDT024</logicalDatatype>
<dataTypeSize>10</dataTypeSize>
<listOfValues>
<valueDef value="Daily" description=""/>
<valueDef value="Friday" description=""/>
<valueDef value="Monday" description=""/>
<valueDef value="Saturday" description=""/>
<valueDef value="Sunday" description=""/>
<valueDef value="Thursday" description=""/>
<valueDef value="Tuesday" description=""/>
<valueDef value="Wednesday" description=""/>
<valueDef value="Weekdays" description=""/>
</listOfValues>
<ownDataTypeParameters>10,,</ownDataTypeParameters>
</Attribute>
<Attribute name="tour_start_time" id="08EC557D-53C9-E79C-5F28-B67000A5219A">
<createdBy>MIKE</createdBy>
<createdTime>2022-04-24 08:04:10 UTC</createdTime>
<commentInRDBMS><![CDATA[start time of tour]]></commentInRDBMS>
<ownerDesignName>Logical_Model</ownerDesignName>
<engineerTo>
<item key="2C0023F1-8BDE-5239-DEA7-82C82881DDE8" value="true"/>
</engineerTo>
<useDomainConstraints>false</useDomainConstraints>
<use>1</use>
<logicalDatatype>LOGDT024</logicalDatatype>
<dataTypeSize>5</dataTypeSize>
<ownDataTypeParameters>5,,</ownDataTypeParameters>
</Attribute>
</attributes>
<identifiers itemClass="oracle.dbtools.crest.model.design.logical.CandidateKey">
<identifier id="D3E91B83-03EE-A0E6-373C-325DC681F36D" name="TOUR_AVAILABLE PK">
<createdBy>MIKE</createdBy>
<createdTime>2022-04-24 07:53:19 UTC</createdTime>
<ownerDesignName>Logical_Model</ownerDesignName>
<shouldEngineer>false</shouldEngineer>
<engineerTo>
<item key="2C0023F1-8BDE-5239-DEA7-82C82881DDE8" value="false"/>
</engineerTo>
<pk>true</pk>
<usedAttributes>
<attributeRef>1AD86042-F855-9DE1-791E-0169D77B2E66</attributeRef>
<attributeRef>2E3515EE-1A61-BA8B-384F-DA80E8099F28</attributeRef>
</usedAttributes>
</identifier>
</identifiers>
</Entity>
