<?xml version = '1.0' encoding = 'UTF-8'?>
<Entity class="oracle.dbtools.crest.model.design.logical.Entity" directorySegmentName="seg_0" id="3FEB13A2-3E4D-4715-1035-3ACB8107D62A" name="OPERATOR">
<createdBy>MIKE</createdBy>
<createdTime>2022-04-26 09:19:31 UTC</createdTime>
<ownerDesignName>Logical_Model</ownerDesignName>
<engineerTo>
<item key="2C0023F1-8BDE-5239-DEA7-82C82881DDE8" value="true"/>
</engineerTo>
<adequatelyNormalized>NO</adequatelyNormalized>
<expectedVolumes>0</expectedVolumes>
<fwdEngineeringStrategyName>Single Table</fwdEngineeringStrategyName>
<growthPercent>0</growthPercent>
<growthType>Year</growthType>
<maxVolumes>9999999</maxVolumes>
<minVolumes>0</minVolumes>
<normalForm>Third</normalForm>
<attributes itemClass="oracle.dbtools.crest.model.design.logical.Attribute">
<Attribute name="operator_id" id="2EA1C67F-3BCE-4A65-25E6-52CAA88A5CC0">
<createdBy>MIKE</createdBy>
<createdTime>2022-04-26 09:20:07 UTC</createdTime>
<commentInRDBMS><![CDATA[company's id]]></commentInRDBMS>
<ownerDesignName>Logical_Model</ownerDesignName>
<engineerTo>
<item key="2C0023F1-8BDE-5239-DEA7-82C82881DDE8" value="true"/>
</engineerTo>
<useDomainConstraints>false</useDomainConstraints>
<use>1</use>
<logicalDatatype>LOGDT019</logicalDatatype>
<dataTypePrecision>10</dataTypePrecision>
<ownDataTypeParameters>,10,</ownDataTypeParameters>
</Attribute>
<Attribute name="operator_name" id="50C666D8-DFF7-6878-0BD0-CBE328555743">
<createdBy>MIKE</createdBy>
<createdTime>2022-04-26 09:20:07 UTC</createdTime>
<commentInRDBMS><![CDATA[company's name]]></commentInRDBMS>
<ownerDesignName>Logical_Model</ownerDesignName>
<engineerTo>
<item key="2C0023F1-8BDE-5239-DEA7-82C82881DDE8" value="true"/>
</engineerTo>
<useDomainConstraints>false</useDomainConstraints>
<use>1</use>
<logicalDatatype>LOGDT024</logicalDatatype>
<dataTypeSize>30</dataTypeSize>
<ownDataTypeParameters>30,,</ownDataTypeParameters>
</Attribute>
<Attribute name="operator_officer " id="A041D023-5E93-E119-DB54-F2A760AA0296">
<createdBy>MIKE</createdBy>
<createdTime>2022-04-26 09:20:07 UTC</createdTime>
<commentInRDBMS><![CDATA[company's CEO]]></commentInRDBMS>
<ownerDesignName>Logical_Model</ownerDesignName>
<engineerTo>
<item key="2C0023F1-8BDE-5239-DEA7-82C82881DDE8" value="true"/>
</engineerTo>
<useDomainConstraints>false</useDomainConstraints>
<use>1</use>
<logicalDatatype>LOGDT024</logicalDatatype>
<dataTypeSize>30</dataTypeSize>
<ownDataTypeParameters>30,,</ownDataTypeParameters>
</Attribute>
</attributes>
<identifiers itemClass="oracle.dbtools.crest.model.design.logical.CandidateKey">
<identifier id="EA4E2D7A-5B51-58E7-15B0-B31F71BE0F20" name="OPERATOR PK">
<createdBy>MIKE</createdBy>
<createdTime>2022-04-26 09:20:47 UTC</createdTime>
<ownerDesignName>Logical_Model</ownerDesignName>
<shouldEngineer>false</shouldEngineer>
<engineerTo>
<item key="2C0023F1-8BDE-5239-DEA7-82C82881DDE8" value="false"/>
</engineerTo>
<pk>true</pk>
<usedAttributes>
<attributeRef>2EA1C67F-3BCE-4A65-25E6-52CAA88A5CC0</attributeRef>
</usedAttributes>
</identifier>
</identifiers>
</Entity>
