<?xml version = '1.0' encoding = 'UTF-8'?>
<Entity class="oracle.dbtools.crest.model.design.logical.Entity" directorySegmentName="seg_0" id="637A299C-C923-D5EE-7627-84FCF379E59C" name="PARTICIPANT">
<createdBy>MIKE</createdBy>
<createdTime>2022-04-24 08:33:37 UTC</createdTime>
<ownerDesignName>Logical_Model</ownerDesignName>
<engineerTo>
<item key="2C0023F1-8BDE-5239-DEA7-82C82881DDE8" value="true"/>
</engineerTo>
<adequatelyNormalized>NO</adequatelyNormalized>
<expectedVolumes>0</expectedVolumes>
<fwdEngineeringStrategyName>Single Table</fwdEngineeringStrategyName>
<growthPercent>0</growthPercent>
<growthType>Year</growthType>
<maxVolumes>9999999</maxVolumes>
<minVolumes>0</minVolumes>
<normalForm>Third</normalForm>
<attributes itemClass="oracle.dbtools.crest.model.design.logical.Attribute">
<Attribute name="pa_id" id="81389307-1A26-71D9-695C-CE5EDF91040B">
<createdBy>MIKE</createdBy>
<createdTime>2022-04-25 00:46:31 UTC</createdTime>
<commentInRDBMS><![CDATA[id for participants]]></commentInRDBMS>
<ownerDesignName>Logical_Model</ownerDesignName>
<engineerTo>
<item key="2C0023F1-8BDE-5239-DEA7-82C82881DDE8" value="true"/>
</engineerTo>
<useDomainConstraints>false</useDomainConstraints>
<use>1</use>
<logicalDatatype>LOGDT019</logicalDatatype>
<dataTypePrecision>4</dataTypePrecision>
<ownDataTypeParameters>,4,</ownDataTypeParameters>
</Attribute>
<Attribute name="pax_id" id="109D7C46-8121-9478-05E7-F242DEE42D3A">
<createdBy>MIKE</createdBy>
<createdTime>2022-04-24 08:33:48 UTC</createdTime>
<commentInRDBMS><![CDATA[passenger is assigned a unique id]]></commentInRDBMS>
<generatorID>9522DCD7-12E8-80A3-BDFE-031BE18C70FF</generatorID>
<ownerDesignName>Logical_Model</ownerDesignName>
<engineerTo>
<item key="2C0023F1-8BDE-5239-DEA7-82C82881DDE8" value="true"/>
</engineerTo>
<referedAttribute>A857DC26-E124-05DC-00A2-0E566BAC9D2C</referedAttribute>
<useDomainConstraints>false</useDomainConstraints>
<use>1</use>
<logicalDatatype>LOGDT019</logicalDatatype>
<dataTypePrecision>5</dataTypePrecision>
<ownDataTypeParameters>,5,</ownDataTypeParameters>
</Attribute>
<Attribute name="cruise_id" id="D024B0C2-6198-862E-F66C-9C0A22C7DB34">
<createdBy>MIKE</createdBy>
<createdTime>2022-04-24 08:35:09 UTC</createdTime>
<commentInRDBMS><![CDATA[cruise is identified by a cruise id]]></commentInRDBMS>
<generatorID>BD9CCF4E-7635-ECFA-A08A-5A8FD84986E7</generatorID>
<ownerDesignName>Logical_Model</ownerDesignName>
<engineerTo>
<item key="2C0023F1-8BDE-5239-DEA7-82C82881DDE8" value="true"/>
</engineerTo>
<referedAttribute>BEED1F44-78C8-DB08-A6D4-1CD28F9745C7</referedAttribute>
<useDomainConstraints>false</useDomainConstraints>
<use>1</use>
<logicalDatatype>LOGDT019</logicalDatatype>
<dataTypePrecision>4</dataTypePrecision>
<ownDataTypeParameters>,4,</ownDataTypeParameters>
</Attribute>
<Attribute name="tour_no" id="713BA29D-99C7-11A0-DF0F-12E9EF24BF4C">
<createdBy>MIKE</createdBy>
<createdTime>2022-04-25 00:56:33 UTC</createdTime>
<commentInRDBMS><![CDATA[a tour number]]></commentInRDBMS>
<generatorID>5037B200-4EF5-17CF-6DF3-5E2470266FFD</generatorID>
<ownerDesignName>Logical_Model</ownerDesignName>
<engineerTo>
<item key="2C0023F1-8BDE-5239-DEA7-82C82881DDE8" value="true"/>
</engineerTo>
<referedAttribute>1366BF51-7A0F-D286-C793-6E4A712BD354</referedAttribute>
<useDomainConstraints>false</useDomainConstraints>
<use>1</use>
<logicalDatatype>LOGDT019</logicalDatatype>
<dataTypePrecision>2</dataTypePrecision>
<ownDataTypeParameters>,2,</ownDataTypeParameters>
</Attribute>
<Attribute name="port_code" id="36477F55-95FD-D031-A086-8DB368DCF20D">
<createdBy>MIKE</createdBy>
<createdTime>2022-04-25 00:56:33 UTC</createdTime>
<commentInRDBMS><![CDATA[ port code recorded to identify the port]]></commentInRDBMS>
<generatorID>5037B200-4EF5-17CF-6DF3-5E2470266FFD</generatorID>
<ownerDesignName>Logical_Model</ownerDesignName>
<engineerTo>
<item key="2C0023F1-8BDE-5239-DEA7-82C82881DDE8" value="true"/>
</engineerTo>
<referedAttribute>98063C54-70C2-195A-EE3B-32C9344621BA</referedAttribute>
<useDomainConstraints>false</useDomainConstraints>
<use>1</use>
<logicalDatatype>LOGDT024</logicalDatatype>
<dataTypeSize>7</dataTypeSize>
<ownDataTypeParameters>7,,</ownDataTypeParameters>
</Attribute>
<Attribute name="tour_date" id="CC5C3DA1-1751-583C-5814-14BBD6A1B1EE">
<createdBy>MIKE</createdBy>
<createdTime>2022-04-25 00:56:33 UTC</createdTime>
<commentInRDBMS><![CDATA[date of tour]]></commentInRDBMS>
<generatorID>5037B200-4EF5-17CF-6DF3-5E2470266FFD</generatorID>
<ownerDesignName>Logical_Model</ownerDesignName>
<engineerTo>
<item key="2C0023F1-8BDE-5239-DEA7-82C82881DDE8" value="true"/>
</engineerTo>
<referedAttribute>50934A1F-A46D-47CD-6846-19009CA04E7D</referedAttribute>
<useDomainConstraints>false</useDomainConstraints>
<use>1</use>
<logicalDatatype>LOGDT007</logicalDatatype>
<ownDataTypeParameters>,,</ownDataTypeParameters>
</Attribute>
<Attribute name="pa_payment " id="AEE7C1DF-30EE-3677-70E8-9F427AF2D7F4">
<createdBy>sihaochen</createdBy>
<createdTime>2022-04-24 11:35:48 UTC</createdTime>
<commentInRDBMS><![CDATA[received or not received]]></commentInRDBMS>
<ownerDesignName>Logical_Model</ownerDesignName>
<engineerTo>
<item key="2C0023F1-8BDE-5239-DEA7-82C82881DDE8" value="true"/>
</engineerTo>
<constraintName>ck_payment</constraintName>
<useDomainConstraints>false</useDomainConstraints>
<use>1</use>
<logicalDatatype>LOGDT024</logicalDatatype>
<dataTypeSize>3</dataTypeSize>
<listOfValues>
<valueDef value="NO" description="not received"/>
<valueDef value="YES" description="received"/>
</listOfValues>
<ownDataTypeParameters>3,,</ownDataTypeParameters>
</Attribute>
</attributes>
<identifiers itemClass="oracle.dbtools.crest.model.design.logical.CandidateKey">
<identifier id="68C77F7E-9F2B-95CB-500C-79F1677F7EA4" name="PARTICIPANT PK">
<createdBy>MIKE</createdBy>
<createdTime>2022-04-24 08:34:12 UTC</createdTime>
<ownerDesignName>Logical_Model</ownerDesignName>
<shouldEngineer>false</shouldEngineer>
<engineerTo>
<item key="2C0023F1-8BDE-5239-DEA7-82C82881DDE8" value="false"/>
</engineerTo>
<pk>true</pk>
<newElementsIDs>81389307-1A26-71D9-695C-CE5EDF91040B</newElementsIDs>
<usedAttributes>
<attributeRef>81389307-1A26-71D9-695C-CE5EDF91040B</attributeRef>
</usedAttributes>
</identifier>
<identifier id="DD939901-5A39-AE4D-D78B-ED03D3E6E2A4" name="PARTICIPANT_NK">
<createdBy>MIKE</createdBy>
<createdTime>2022-04-25 00:57:56 UTC</createdTime>
<ownerDesignName>Logical_Model</ownerDesignName>
<shouldEngineer>false</shouldEngineer>
<engineerTo>
<item key="2C0023F1-8BDE-5239-DEA7-82C82881DDE8" value="false"/>
</engineerTo>
<newElementsIDs>109D7C46-8121-9478-05E7-F242DEE42D3A,713BA29D-99C7-11A0-DF0F-12E9EF24BF4C,36477F55-95FD-D031-A086-8DB368DCF20D,CC5C3DA1-1751-583C-5814-14BBD6A1B1EE,D024B0C2-6198-862E-F66C-9C0A22C7DB34</newElementsIDs>
<usedAttributes>
<attributeRef>109D7C46-8121-9478-05E7-F242DEE42D3A</attributeRef>
<attributeRef>713BA29D-99C7-11A0-DF0F-12E9EF24BF4C</attributeRef>
<attributeRef>36477F55-95FD-D031-A086-8DB368DCF20D</attributeRef>
<attributeRef>CC5C3DA1-1751-583C-5814-14BBD6A1B1EE</attributeRef>
<attributeRef>D024B0C2-6198-862E-F66C-9C0A22C7DB34</attributeRef>
</usedAttributes>
</identifier>
</identifiers>
</Entity>
