<?xml version = '1.0' encoding = 'UTF-8'?>
<Entity class="oracle.dbtools.crest.model.design.logical.Entity" directorySegmentName="seg_0" id="83CA5FB3-2EC0-DA57-74B3-966E2F211274" name="PASSENGER">
<createdBy>MIKE</createdBy>
<createdTime>2022-04-24 07:18:40 UTC</createdTime>
<ownerDesignName>Logical_Model</ownerDesignName>
<engineerTo>
<item key="2C0023F1-8BDE-5239-DEA7-82C82881DDE8" value="true"/>
</engineerTo>
<adequatelyNormalized>NO</adequatelyNormalized>
<expectedVolumes>0</expectedVolumes>
<fwdEngineeringStrategyName>Single Table</fwdEngineeringStrategyName>
<growthPercent>0</growthPercent>
<growthType>Year</growthType>
<maxVolumes>9999999</maxVolumes>
<minVolumes>0</minVolumes>
<normalForm>Third</normalForm>
<attributes itemClass="oracle.dbtools.crest.model.design.logical.Attribute">
<Attribute name="pax_id" id="A857DC26-E124-05DC-00A2-0E566BAC9D2C">
<createdBy>MIKE</createdBy>
<createdTime>2022-04-24 07:18:50 UTC</createdTime>
<commentInRDBMS><![CDATA[passenger is assigned a unique id]]></commentInRDBMS>
<ownerDesignName>Logical_Model</ownerDesignName>
<engineerTo>
<item key="2C0023F1-8BDE-5239-DEA7-82C82881DDE8" value="true"/>
</engineerTo>
<useDomainConstraints>false</useDomainConstraints>
<use>1</use>
<logicalDatatype>LOGDT019</logicalDatatype>
<dataTypePrecision>5</dataTypePrecision>
<ownDataTypeParameters>,5,</ownDataTypeParameters>
</Attribute>
<Attribute name="pax_fname" id="E3D92278-E579-758A-BFFC-9DADD6116188">
<createdBy>MIKE</createdBy>
<createdTime>2022-04-24 07:18:48 UTC</createdTime>
<commentInRDBMS><![CDATA[ passenger's fist name]]></commentInRDBMS>
<ownerDesignName>Logical_Model</ownerDesignName>
<engineerTo>
<item key="2C0023F1-8BDE-5239-DEA7-82C82881DDE8" value="true"/>
</engineerTo>
<useDomainConstraints>false</useDomainConstraints>
<use>1</use>
<logicalDatatype>LOGDT024</logicalDatatype>
<dataTypeSize>10</dataTypeSize>
<ownDataTypeParameters>10,,</ownDataTypeParameters>
</Attribute>
<Attribute name="pax_lname" id="B37F83A3-4510-A4D8-E728-CD0FE570FD90">
<createdBy>MIKE</createdBy>
<createdTime>2022-04-24 07:18:48 UTC</createdTime>
<commentInRDBMS><![CDATA[ passenger's last name]]></commentInRDBMS>
<ownerDesignName>Logical_Model</ownerDesignName>
<engineerTo>
<item key="2C0023F1-8BDE-5239-DEA7-82C82881DDE8" value="true"/>
</engineerTo>
<useDomainConstraints>false</useDomainConstraints>
<use>1</use>
<logicalDatatype>LOGDT024</logicalDatatype>
<dataTypeSize>10</dataTypeSize>
<ownDataTypeParameters>10,,</ownDataTypeParameters>
</Attribute>
<Attribute name="pax_dob" id="1C1C23E6-A083-6CF0-0AFD-821CBFECA68C">
<createdBy>MIKE</createdBy>
<createdTime>2022-04-24 07:18:48 UTC</createdTime>
<commentInRDBMS><![CDATA[ date of birth]]></commentInRDBMS>
<ownerDesignName>Logical_Model</ownerDesignName>
<engineerTo>
<item key="2C0023F1-8BDE-5239-DEA7-82C82881DDE8" value="true"/>
</engineerTo>
<useDomainConstraints>false</useDomainConstraints>
<use>1</use>
<logicalDatatype>LOGDT007</logicalDatatype>
<ownDataTypeParameters>,,</ownDataTypeParameters>
</Attribute>
<Attribute name="pax_gender" id="835DA740-C507-38CD-16FD-C4F75B37207C">
<createdBy>MIKE</createdBy>
<createdTime>2022-04-24 07:18:49 UTC</createdTime>
<commentInRDBMS><![CDATA[passenger's gender]]></commentInRDBMS>
<ownerDesignName>Logical_Model</ownerDesignName>
<engineerTo>
<item key="2C0023F1-8BDE-5239-DEA7-82C82881DDE8" value="true"/>
</engineerTo>
<useDomainConstraints>false</useDomainConstraints>
<use>1</use>
<logicalDatatype>LOGDT024</logicalDatatype>
<dataTypeSize>10</dataTypeSize>
<ownDataTypeParameters>10,,</ownDataTypeParameters>
</Attribute>
<Attribute name="pax_street" id="A65422FD-B785-808C-F136-01954666CD6D">
<createdBy>MIKE</createdBy>
<createdTime>2022-04-24 07:18:49 UTC</createdTime>
<commentInRDBMS><![CDATA[street (including street number),]]></commentInRDBMS>
<ownerDesignName>Logical_Model</ownerDesignName>
<engineerTo>
<item key="2C0023F1-8BDE-5239-DEA7-82C82881DDE8" value="true"/>
</engineerTo>
<useDomainConstraints>false</useDomainConstraints>
<use>1</use>
<logicalDatatype>LOGDT024</logicalDatatype>
<dataTypeSize>20</dataTypeSize>
<ownDataTypeParameters>20,,</ownDataTypeParameters>
</Attribute>
<Attribute name="pax_town" id="B4E2CA60-CBD7-E73D-9F86-18ED71B9468D">
<createdBy>MIKE</createdBy>
<createdTime>2022-04-24 07:18:49 UTC</createdTime>
<commentInRDBMS><![CDATA[name of town]]></commentInRDBMS>
<ownerDesignName>Logical_Model</ownerDesignName>
<engineerTo>
<item key="2C0023F1-8BDE-5239-DEA7-82C82881DDE8" value="true"/>
</engineerTo>
<useDomainConstraints>false</useDomainConstraints>
<use>1</use>
<logicalDatatype>LOGDT024</logicalDatatype>
<dataTypeSize>10</dataTypeSize>
<ownDataTypeParameters>10,,</ownDataTypeParameters>
</Attribute>
<Attribute name="pax_postcode" id="9206F4E3-D1BB-9F6A-74C8-70CCAD41946E">
<createdBy>MIKE</createdBy>
<createdTime>2022-04-24 07:18:49 UTC</createdTime>
<commentInRDBMS><![CDATA[postcode]]></commentInRDBMS>
<ownerDesignName>Logical_Model</ownerDesignName>
<engineerTo>
<item key="2C0023F1-8BDE-5239-DEA7-82C82881DDE8" value="true"/>
</engineerTo>
<useDomainConstraints>false</useDomainConstraints>
<use>1</use>
<logicalDatatype>LOGDT024</logicalDatatype>
<dataTypeSize>10</dataTypeSize>
<ownDataTypeParameters>10,,</ownDataTypeParameters>
</Attribute>
<Attribute name="pax_ctry" id="FD44F536-1D3F-1477-F4BC-C38218B25D4A">
<createdBy>MIKE</createdBy>
<createdTime>2022-04-24 07:18:49 UTC</createdTime>
<commentInRDBMS><![CDATA[country]]></commentInRDBMS>
<ownerDesignName>Logical_Model</ownerDesignName>
<engineerTo>
<item key="2C0023F1-8BDE-5239-DEA7-82C82881DDE8" value="true"/>
</engineerTo>
<useDomainConstraints>false</useDomainConstraints>
<use>1</use>
<logicalDatatype>LOGDT024</logicalDatatype>
<dataTypeSize>10</dataTypeSize>
<ownDataTypeParameters>10,,</ownDataTypeParameters>
</Attribute>
<Attribute name="pax_language" id="D4CD20BB-60E7-2E84-B97B-669FC8BDAF2D">
<createdBy>MIKE</createdBy>
<createdTime>2022-04-25 00:35:15 UTC</createdTime>
<commentInRDBMS><![CDATA[speaking language]]></commentInRDBMS>
<ownerDesignName>Logical_Model</ownerDesignName>
<engineerTo>
<item key="2C0023F1-8BDE-5239-DEA7-82C82881DDE8" value="true"/>
</engineerTo>
<useDomainConstraints>false</useDomainConstraints>
<use>1</use>
<logicalDatatype>LOGDT024</logicalDatatype>
<dataTypeSize>20</dataTypeSize>
<ownDataTypeParameters>20,,</ownDataTypeParameters>
</Attribute>
<Attribute name="pax_phone" id="DEC7B4FC-3699-8EAA-17F5-8FD45364D762">
<createdBy>MIKE</createdBy>
<createdTime>2022-04-25 00:27:48 UTC</createdTime>
<commentInRDBMS><![CDATA[phone number]]></commentInRDBMS>
<ownerDesignName>Logical_Model</ownerDesignName>
<engineerTo>
<item key="2C0023F1-8BDE-5239-DEA7-82C82881DDE8" value="true"/>
</engineerTo>
<nullsAllowed>true</nullsAllowed>
<useDomainConstraints>false</useDomainConstraints>
<use>1</use>
<logicalDatatype>LOGDT025</logicalDatatype>
<dataTypeSize>10</dataTypeSize>
<ownDataTypeParameters>10,,</ownDataTypeParameters>
</Attribute>
<Attribute name="ctry_code" id="053ED88D-C589-733B-931E-5A59E2DAE588">
<createdBy>MIKE</createdBy>
<createdTime>2022-04-24 07:51:16 UTC</createdTime>
<commentInRDBMS><![CDATA[ISO country code]]></commentInRDBMS>
<generatorID>7AF40F52-1516-8690-BCA0-47AAEB8296C8</generatorID>
<ownerDesignName>Logical_Model</ownerDesignName>
<engineerTo>
<item key="2C0023F1-8BDE-5239-DEA7-82C82881DDE8" value="true"/>
</engineerTo>
<referedAttribute>71B04762-4452-88CA-0FC3-9E1EF5A16A91</referedAttribute>
<useDomainConstraints>false</useDomainConstraints>
<use>1</use>
<logicalDatatype>LOGDT024</logicalDatatype>
<dataTypeSize>15</dataTypeSize>
<ownDataTypeParameters>15,,</ownDataTypeParameters>
</Attribute>
<Attribute name="pax_guardian" id="F225F9C9-E235-632D-2AC1-39B13FBB2DC6">
<createdBy>nikitabhararia</createdBy>
<createdTime>2022-04-26 01:31:47 UTC</createdTime>
<commentInRDBMS><![CDATA[passenger is assigned a unique id]]></commentInRDBMS>
<generatorID>60934038-365C-B0AF-390A-C307656F15F6</generatorID>
<ownerDesignName>Logical_Model</ownerDesignName>
<engineerTo>
<item key="2C0023F1-8BDE-5239-DEA7-82C82881DDE8" value="true"/>
</engineerTo>
<nullsAllowed>true</nullsAllowed>
<referedAttribute>A857DC26-E124-05DC-00A2-0E566BAC9D2C</referedAttribute>
<useDomainConstraints>false</useDomainConstraints>
<use>1</use>
<logicalDatatype>LOGDT019</logicalDatatype>
<dataTypePrecision>5</dataTypePrecision>
<ownDataTypeParameters>,5,</ownDataTypeParameters>
</Attribute>
</attributes>
<identifiers itemClass="oracle.dbtools.crest.model.design.logical.CandidateKey">
<identifier id="23A06E43-FB87-29B4-781D-07F26E0AB915" name="PASSENGER PK">
<createdBy>MIKE</createdBy>
<createdTime>2022-04-24 07:19:17 UTC</createdTime>
<ownerDesignName>Logical_Model</ownerDesignName>
<shouldEngineer>false</shouldEngineer>
<engineerTo>
<item key="2C0023F1-8BDE-5239-DEA7-82C82881DDE8" value="false"/>
</engineerTo>
<pk>true</pk>
<usedAttributes>
<attributeRef>A857DC26-E124-05DC-00A2-0E566BAC9D2C</attributeRef>
</usedAttributes>
</identifier>
</identifiers>
</Entity>
