<?xml version = '1.0' encoding = 'UTF-8'?>
<Entity class="oracle.dbtools.crest.model.design.logical.Entity" directorySegmentName="seg_0" id="8D50B5BD-DDBE-065C-74E7-3DABC86B9C66" name="MANIFEST">
<createdBy>MIKE</createdBy>
<createdTime>2022-04-24 07:16:07 UTC</createdTime>
<ownerDesignName>Logical_Model</ownerDesignName>
<engineerTo>
<item key="2C0023F1-8BDE-5239-DEA7-82C82881DDE8" value="true"/>
</engineerTo>
<adequatelyNormalized>NO</adequatelyNormalized>
<expectedVolumes>0</expectedVolumes>
<fwdEngineeringStrategyName>Single Table</fwdEngineeringStrategyName>
<growthPercent>0</growthPercent>
<growthType>Year</growthType>
<maxVolumes>9999999</maxVolumes>
<minVolumes>0</minVolumes>
<normalForm>Third</normalForm>
<attributes itemClass="oracle.dbtools.crest.model.design.logical.Attribute">
<Attribute name="cabin_number" id="2ACD3A1D-13B9-162F-5EB4-F0E959A15CD4">
<createdBy>MIKE</createdBy>
<createdTime>2022-04-24 07:17:03 UTC</createdTime>
<commentInRDBMS><![CDATA[cabins on a given ship are identified by a cabin number]]></commentInRDBMS>
<generatorID>0B1F72B3-DDE3-5D27-B207-AA1682745A12</generatorID>
<ownerDesignName>Logical_Model</ownerDesignName>
<engineerTo>
<item key="2C0023F1-8BDE-5239-DEA7-82C82881DDE8" value="true"/>
</engineerTo>
<referedAttribute>60C18795-CEA8-8C8D-25BE-3C03CAD4D891</referedAttribute>
<useDomainConstraints>false</useDomainConstraints>
<use>1</use>
<logicalDatatype>LOGDT024</logicalDatatype>
<dataTypeSize>3</dataTypeSize>
<ownDataTypeParameters>3,,</ownDataTypeParameters>
</Attribute>
<Attribute name="ship_id" id="9CB4C436-B4A2-E996-DA47-23A89E23ACF6">
<createdBy>MIKE</createdBy>
<createdTime>2022-04-24 07:17:03 UTC</createdTime>
<commentInRDBMS><![CDATA[a ship code to identify the ship]]></commentInRDBMS>
<generatorID>0B1F72B3-DDE3-5D27-B207-AA1682745A12</generatorID>
<ownerDesignName>Logical_Model</ownerDesignName>
<engineerTo>
<item key="2C0023F1-8BDE-5239-DEA7-82C82881DDE8" value="true"/>
</engineerTo>
<referedAttribute>42708014-CC95-6832-6E27-861735F61DB7</referedAttribute>
<useDomainConstraints>false</useDomainConstraints>
<use>1</use>
<logicalDatatype>LOGDT019</logicalDatatype>
<dataTypePrecision>10</dataTypePrecision>
<ownDataTypeParameters>,10,</ownDataTypeParameters>
</Attribute>
<Attribute name="cruise_id" id="22D1AE97-A90F-3ADE-40A5-2C3D102E3AEC">
<createdBy>MIKE</createdBy>
<createdTime>2022-04-24 07:17:53 UTC</createdTime>
<commentInRDBMS><![CDATA[cruise is identified by a cruise id]]></commentInRDBMS>
<generatorID>E9308B85-7172-7377-3121-E375C1428539</generatorID>
<ownerDesignName>Logical_Model</ownerDesignName>
<engineerTo>
<item key="2C0023F1-8BDE-5239-DEA7-82C82881DDE8" value="true"/>
</engineerTo>
<referedAttribute>BEED1F44-78C8-DB08-A6D4-1CD28F9745C7</referedAttribute>
<useDomainConstraints>false</useDomainConstraints>
<use>1</use>
<logicalDatatype>LOGDT019</logicalDatatype>
<dataTypePrecision>4</dataTypePrecision>
<ownDataTypeParameters>,4,</ownDataTypeParameters>
</Attribute>
<Attribute name="pax_id" id="FB38211C-4574-531C-C289-72129442B17D">
<createdBy>MIKE</createdBy>
<createdTime>2022-04-24 07:29:09 UTC</createdTime>
<commentInRDBMS><![CDATA[passenger is assigned a unique id]]></commentInRDBMS>
<generatorID>FF711F90-1808-4F51-0DA2-15E25E38EC3B</generatorID>
<ownerDesignName>Logical_Model</ownerDesignName>
<engineerTo>
<item key="2C0023F1-8BDE-5239-DEA7-82C82881DDE8" value="true"/>
</engineerTo>
<referedAttribute>A857DC26-E124-05DC-00A2-0E566BAC9D2C</referedAttribute>
<useDomainConstraints>false</useDomainConstraints>
<use>1</use>
<logicalDatatype>LOGDT019</logicalDatatype>
<dataTypePrecision>5</dataTypePrecision>
<ownDataTypeParameters>,5,</ownDataTypeParameters>
</Attribute>
<Attribute name="pax_board_dt" id="55FA05C3-DB08-657D-B0FC-54F5EE15630C">
<createdBy>MIKE</createdBy>
<createdTime>2022-04-24 07:16:16 UTC</createdTime>
<commentInRDBMS><![CDATA[date and time when they first boarded the ship.]]></commentInRDBMS>
<ownerDesignName>Logical_Model</ownerDesignName>
<engineerTo>
<item key="2C0023F1-8BDE-5239-DEA7-82C82881DDE8" value="true"/>
</engineerTo>
<useDomainConstraints>false</useDomainConstraints>
<use>1</use>
<logicalDatatype>LOGDT007</logicalDatatype>
<ownDataTypeParameters>,,</ownDataTypeParameters>
</Attribute>
</attributes>
<identifiers itemClass="oracle.dbtools.crest.model.design.logical.CandidateKey">
<identifier id="AD4188B1-3F20-896E-6201-2693F03969D0" name="MANIFEST PK">
<createdBy>MIKE</createdBy>
<createdTime>2022-04-24 07:17:35 UTC</createdTime>
<ownerDesignName>Logical_Model</ownerDesignName>
<shouldEngineer>false</shouldEngineer>
<engineerTo>
<item key="2C0023F1-8BDE-5239-DEA7-82C82881DDE8" value="false"/>
</engineerTo>
<pk>true</pk>
<usedAttributes>
<attributeRef>2ACD3A1D-13B9-162F-5EB4-F0E959A15CD4</attributeRef>
<attributeRef>9CB4C436-B4A2-E996-DA47-23A89E23ACF6</attributeRef>
<attributeRef>22D1AE97-A90F-3ADE-40A5-2C3D102E3AEC</attributeRef>
<attributeRef>FB38211C-4574-531C-C289-72129442B17D</attributeRef>
</usedAttributes>
</identifier>
</identifiers>
</Entity>
