<?xml version = '1.0' encoding = 'UTF-8'?>
<Entity class="oracle.dbtools.crest.model.design.logical.Entity" directorySegmentName="seg_0" id="902C0366-926F-D6D6-6F4D-76532AC8B8EA" name="TOUR">
<createdBy>MIKE</createdBy>
<createdTime>2022-04-24 07:56:48 UTC</createdTime>
<ownerDesignName>Logical_Model</ownerDesignName>
<engineerTo>
<item key="2C0023F1-8BDE-5239-DEA7-82C82881DDE8" value="true"/>
</engineerTo>
<adequatelyNormalized>NO</adequatelyNormalized>
<expectedVolumes>0</expectedVolumes>
<fwdEngineeringStrategyName>Single Table</fwdEngineeringStrategyName>
<growthPercent>0</growthPercent>
<growthType>Year</growthType>
<maxVolumes>9999999</maxVolumes>
<minVolumes>0</minVolumes>
<normalForm>Third</normalForm>
<attributes itemClass="oracle.dbtools.crest.model.design.logical.Attribute">
<Attribute name="tour_no" id="1366BF51-7A0F-D286-C793-6E4A712BD354">
<createdBy>MIKE</createdBy>
<createdTime>2022-04-24 07:56:57 UTC</createdTime>
<commentInRDBMS><![CDATA[a tour number]]></commentInRDBMS>
<generatorID>05A38568-389F-07E8-79D0-0880109E56E4</generatorID>
<ownerDesignName>Logical_Model</ownerDesignName>
<engineerTo>
<item key="2C0023F1-8BDE-5239-DEA7-82C82881DDE8" value="true"/>
</engineerTo>
<referedAttribute>1AD86042-F855-9DE1-791E-0169D77B2E66</referedAttribute>
<useDomainConstraints>false</useDomainConstraints>
<use>1</use>
<logicalDatatype>LOGDT019</logicalDatatype>
<dataTypePrecision>2</dataTypePrecision>
<ownDataTypeParameters>,2,</ownDataTypeParameters>
</Attribute>
<Attribute name="port_code" id="98063C54-70C2-195A-EE3B-32C9344621BA">
<createdBy>MIKE</createdBy>
<createdTime>2022-04-24 07:56:57 UTC</createdTime>
<commentInRDBMS><![CDATA[ port code recorded to identify the port]]></commentInRDBMS>
<generatorID>05A38568-389F-07E8-79D0-0880109E56E4</generatorID>
<ownerDesignName>Logical_Model</ownerDesignName>
<engineerTo>
<item key="2C0023F1-8BDE-5239-DEA7-82C82881DDE8" value="true"/>
</engineerTo>
<referedAttribute>2E3515EE-1A61-BA8B-384F-DA80E8099F28</referedAttribute>
<useDomainConstraints>false</useDomainConstraints>
<use>1</use>
<logicalDatatype>LOGDT024</logicalDatatype>
<dataTypeSize>7</dataTypeSize>
<ownDataTypeParameters>7,,</ownDataTypeParameters>
</Attribute>
<Attribute name="tour_date" id="50934A1F-A46D-47CD-6846-19009CA04E7D">
<createdBy>MIKE</createdBy>
<createdTime>2022-04-24 07:57:35 UTC</createdTime>
<commentInRDBMS><![CDATA[date of tour]]></commentInRDBMS>
<ownerDesignName>Logical_Model</ownerDesignName>
<engineerTo>
<item key="2C0023F1-8BDE-5239-DEA7-82C82881DDE8" value="true"/>
</engineerTo>
<useDomainConstraints>false</useDomainConstraints>
<use>1</use>
<logicalDatatype>LOGDT007</logicalDatatype>
<ownDataTypeParameters>,,</ownDataTypeParameters>
</Attribute>
</attributes>
<identifiers itemClass="oracle.dbtools.crest.model.design.logical.CandidateKey">
<identifier id="4A3337E9-E806-5090-1A04-386C082E93D7" name="TOUR PK">
<createdBy>MIKE</createdBy>
<createdTime>2022-04-24 07:57:22 UTC</createdTime>
<ownerDesignName>Logical_Model</ownerDesignName>
<shouldEngineer>false</shouldEngineer>
<engineerTo>
<item key="2C0023F1-8BDE-5239-DEA7-82C82881DDE8" value="false"/>
</engineerTo>
<pk>true</pk>
<usedAttributes>
<attributeRef>1366BF51-7A0F-D286-C793-6E4A712BD354</attributeRef>
<attributeRef>98063C54-70C2-195A-EE3B-32C9344621BA</attributeRef>
<attributeRef>50934A1F-A46D-47CD-6846-19009CA04E7D</attributeRef>
</usedAttributes>
</identifier>
</identifiers>
</Entity>
