<?xml version = '1.0' encoding = 'UTF-8'?>
<Entity class="oracle.dbtools.crest.model.design.logical.Entity" directorySegmentName="seg_0" id="9293BDB5-DCB0-2C79-4E06-C5DE452107B9" name="CABIN">
<createdBy>MIKE</createdBy>
<createdTime>2022-04-24 06:57:28 UTC</createdTime>
<ownerDesignName>Logical_Model</ownerDesignName>
<engineerTo>
<item key="2C0023F1-8BDE-5239-DEA7-82C82881DDE8" value="true"/>
</engineerTo>
<adequatelyNormalized>NO</adequatelyNormalized>
<expectedVolumes>0</expectedVolumes>
<fwdEngineeringStrategyName>Single Table</fwdEngineeringStrategyName>
<growthPercent>0</growthPercent>
<growthType>Year</growthType>
<maxVolumes>9999999</maxVolumes>
<minVolumes>0</minVolumes>
<normalForm>Third</normalForm>
<attributes itemClass="oracle.dbtools.crest.model.design.logical.Attribute">
<Attribute name="cabin_number" id="60C18795-CEA8-8C8D-25BE-3C03CAD4D891">
<createdBy>MIKE</createdBy>
<createdTime>2022-04-24 06:57:38 UTC</createdTime>
<commentInRDBMS><![CDATA[cabins on a given ship are identified by a cabin number]]></commentInRDBMS>
<ownerDesignName>Logical_Model</ownerDesignName>
<engineerTo>
<item key="2C0023F1-8BDE-5239-DEA7-82C82881DDE8" value="true"/>
</engineerTo>
<useDomainConstraints>false</useDomainConstraints>
<use>1</use>
<logicalDatatype>LOGDT024</logicalDatatype>
<dataTypeSize>3</dataTypeSize>
<ownDataTypeParameters>3,,</ownDataTypeParameters>
</Attribute>
<Attribute name="cabin_capacity" id="B8F5AC5C-FD6A-17FC-3335-4BBB37A54449">
<createdBy>MIKE</createdBy>
<createdTime>2022-04-24 06:57:38 UTC</createdTime>
<commentInRDBMS><![CDATA[e capacity of a particular cabin]]></commentInRDBMS>
<ownerDesignName>Logical_Model</ownerDesignName>
<engineerTo>
<item key="2C0023F1-8BDE-5239-DEA7-82C82881DDE8" value="true"/>
</engineerTo>
<useDomainConstraints>false</useDomainConstraints>
<use>1</use>
<logicalDatatype>LOGDT019</logicalDatatype>
<dataTypePrecision>2</dataTypePrecision>
<ownDataTypeParameters>,2,</ownDataTypeParameters>
</Attribute>
<Attribute name="cabin_class" id="FC435AC1-2B50-E622-AF7E-8A60B08A95C7">
<createdBy>MIKE</createdBy>
<createdTime>2022-04-24 06:57:39 UTC</createdTime>
<commentInRDBMS><![CDATA[e class of the cabin]]></commentInRDBMS>
<ownerDesignName>Logical_Model</ownerDesignName>
<engineerTo>
<item key="2C0023F1-8BDE-5239-DEA7-82C82881DDE8" value="true"/>
</engineerTo>
<constraintName>chk_cabinclass</constraintName>
<useDomainConstraints>false</useDomainConstraints>
<use>1</use>
<logicalDatatype>LOGDT025</logicalDatatype>
<dataTypeSize>2</dataTypeSize>
<listOfValues>
<valueDef value="B" description="Balcony"/>
<valueDef value="I" description="Interior"/>
<valueDef value="O" description="Oceanview"/>
<valueDef value="S" description="Suite"/>
</listOfValues>
<ownDataTypeParameters>2,,</ownDataTypeParameters>
</Attribute>
<Attribute name="ship_id" id="42708014-CC95-6832-6E27-861735F61DB7">
<createdBy>MIKE</createdBy>
<createdTime>2022-04-24 07:00:41 UTC</createdTime>
<commentInRDBMS><![CDATA[a ship code to identify the ship]]></commentInRDBMS>
<generatorID>4EB66D0D-4167-CC98-8F80-CE06C303E5DB</generatorID>
<ownerDesignName>Logical_Model</ownerDesignName>
<engineerTo>
<item key="2C0023F1-8BDE-5239-DEA7-82C82881DDE8" value="true"/>
</engineerTo>
<referedAttribute>E01A0D4F-78BD-3DCC-9FE9-19FAF1364CD4</referedAttribute>
<useDomainConstraints>false</useDomainConstraints>
<use>1</use>
<logicalDatatype>LOGDT019</logicalDatatype>
<dataTypePrecision>10</dataTypePrecision>
<ownDataTypeParameters>,10,</ownDataTypeParameters>
</Attribute>
</attributes>
<identifiers itemClass="oracle.dbtools.crest.model.design.logical.CandidateKey">
<identifier id="33534E25-3A14-D253-19E0-64BEB53ED37F" name="CABIN PK">
<createdBy>MIKE</createdBy>
<createdTime>2022-04-24 06:57:52 UTC</createdTime>
<ownerDesignName>Logical_Model</ownerDesignName>
<shouldEngineer>false</shouldEngineer>
<engineerTo>
<item key="2C0023F1-8BDE-5239-DEA7-82C82881DDE8" value="false"/>
</engineerTo>
<pk>true</pk>
<usedAttributes>
<attributeRef>60C18795-CEA8-8C8D-25BE-3C03CAD4D891</attributeRef>
<attributeRef>42708014-CC95-6832-6E27-861735F61DB7</attributeRef>
</usedAttributes>
</identifier>
</identifiers>
</Entity>
