<?xml version = '1.0' encoding = 'UTF-8'?>
<Entity class="oracle.dbtools.crest.model.design.logical.Entity" directorySegmentName="seg_0" id="94F0E2F3-4D2B-D94D-BFFC-E43377986810" name="CRUISE">
<createdBy>MIKE</createdBy>
<createdTime>2022-04-24 07:05:21 UTC</createdTime>
<ownerDesignName>Logical_Model</ownerDesignName>
<engineerTo>
<item key="2C0023F1-8BDE-5239-DEA7-82C82881DDE8" value="true"/>
</engineerTo>
<adequatelyNormalized>NO</adequatelyNormalized>
<expectedVolumes>0</expectedVolumes>
<fwdEngineeringStrategyName>Single Table</fwdEngineeringStrategyName>
<growthPercent>0</growthPercent>
<growthType>Year</growthType>
<maxVolumes>9999999</maxVolumes>
<minVolumes>0</minVolumes>
<normalForm>Third</normalForm>
<attributes itemClass="oracle.dbtools.crest.model.design.logical.Attribute">
<Attribute name="cruise_id" id="BEED1F44-78C8-DB08-A6D4-1CD28F9745C7">
<createdBy>MIKE</createdBy>
<createdTime>2022-04-24 07:05:29 UTC</createdTime>
<commentInRDBMS><![CDATA[cruise is identified by a cruise id]]></commentInRDBMS>
<ownerDesignName>Logical_Model</ownerDesignName>
<engineerTo>
<item key="2C0023F1-8BDE-5239-DEA7-82C82881DDE8" value="true"/>
</engineerTo>
<useDomainConstraints>false</useDomainConstraints>
<use>1</use>
<logicalDatatype>LOGDT019</logicalDatatype>
<dataTypePrecision>4</dataTypePrecision>
<ownDataTypeParameters>,4,</ownDataTypeParameters>
</Attribute>
<Attribute name="cruise_name" id="23D9EE45-9663-C13D-1D02-32535EC5E39F">
<createdBy>MIKE</createdBy>
<createdTime>2022-04-24 07:05:28 UTC</createdTime>
<commentInRDBMS><![CDATA[cruise name]]></commentInRDBMS>
<ownerDesignName>Logical_Model</ownerDesignName>
<engineerTo>
<item key="2C0023F1-8BDE-5239-DEA7-82C82881DDE8" value="true"/>
</engineerTo>
<useDomainConstraints>false</useDomainConstraints>
<use>1</use>
<logicalDatatype>LOGDT024</logicalDatatype>
<dataTypeSize>20</dataTypeSize>
<ownDataTypeParameters>20,,</ownDataTypeParameters>
</Attribute>
<Attribute name="cruise_descp" id="DC73A953-BD03-F38B-E41B-D2201EACA4B6">
<createdBy>MIKE</createdBy>
<createdTime>2022-04-24 07:05:28 UTC</createdTime>
<commentInRDBMS><![CDATA[cruise description ]]></commentInRDBMS>
<ownerDesignName>Logical_Model</ownerDesignName>
<engineerTo>
<item key="2C0023F1-8BDE-5239-DEA7-82C82881DDE8" value="true"/>
</engineerTo>
<useDomainConstraints>false</useDomainConstraints>
<use>1</use>
<logicalDatatype>LOGDT024</logicalDatatype>
<dataTypeSize>200</dataTypeSize>
<ownDataTypeParameters>200,,</ownDataTypeParameters>
</Attribute>
<Attribute name="ship_id" id="D8C988CB-3D18-3EE1-C4D1-B3CED15918C9">
<createdBy>MIKE</createdBy>
<createdTime>2022-04-24 07:08:20 UTC</createdTime>
<commentInRDBMS><![CDATA[a ship code to identify the ship]]></commentInRDBMS>
<generatorID>16EDE09A-909E-4A09-FE37-0BCB52A6F52E</generatorID>
<ownerDesignName>Logical_Model</ownerDesignName>
<engineerTo>
<item key="2C0023F1-8BDE-5239-DEA7-82C82881DDE8" value="true"/>
</engineerTo>
<referedAttribute>E01A0D4F-78BD-3DCC-9FE9-19FAF1364CD4</referedAttribute>
<useDomainConstraints>false</useDomainConstraints>
<use>1</use>
<logicalDatatype>LOGDT019</logicalDatatype>
<dataTypePrecision>10</dataTypePrecision>
<ownDataTypeParameters>,10,</ownDataTypeParameters>
</Attribute>
</attributes>
<identifiers itemClass="oracle.dbtools.crest.model.design.logical.CandidateKey">
<identifier id="A6E6C905-54A9-5810-5BDA-D388CCD53F4E" name="CRUISE PK">
<createdBy>MIKE</createdBy>
<createdTime>2022-04-24 07:06:56 UTC</createdTime>
<ownerDesignName>Logical_Model</ownerDesignName>
<shouldEngineer>false</shouldEngineer>
<engineerTo>
<item key="2C0023F1-8BDE-5239-DEA7-82C82881DDE8" value="false"/>
</engineerTo>
<pk>true</pk>
<usedAttributes>
<attributeRef>BEED1F44-78C8-DB08-A6D4-1CD28F9745C7</attributeRef>
</usedAttributes>
</identifier>
</identifiers>
</Entity>
