<?xml version = '1.0' encoding = 'UTF-8'?>
<Entity class="oracle.dbtools.crest.model.design.logical.Entity" directorySegmentName="seg_0" id="998C85A1-173C-D02A-23FE-02DB36E9FC50" name="TRIP">
<createdBy>MIKE</createdBy>
<createdTime>2022-04-24 07:34:50 UTC</createdTime>
<ownerDesignName>Logical_Model</ownerDesignName>
<engineerTo>
<item key="2C0023F1-8BDE-5239-DEA7-82C82881DDE8" value="true"/>
</engineerTo>
<adequatelyNormalized>NO</adequatelyNormalized>
<expectedVolumes>0</expectedVolumes>
<fwdEngineeringStrategyName>Single Table</fwdEngineeringStrategyName>
<growthPercent>0</growthPercent>
<growthType>Year</growthType>
<maxVolumes>9999999</maxVolumes>
<minVolumes>0</minVolumes>
<normalForm>Third</normalForm>
<attributes itemClass="oracle.dbtools.crest.model.design.logical.Attribute">
<Attribute name="cruise_id" id="AA31998A-DA0A-ED85-83FE-4F3EDB225838">
<createdBy>MIKE</createdBy>
<createdTime>2022-04-24 07:35:19 UTC</createdTime>
<commentInRDBMS><![CDATA[cruise is identified by a cruise id]]></commentInRDBMS>
<generatorID>B675F9E6-3BD5-6968-BADF-759C1065ABE3</generatorID>
<ownerDesignName>Logical_Model</ownerDesignName>
<engineerTo>
<item key="2C0023F1-8BDE-5239-DEA7-82C82881DDE8" value="true"/>
</engineerTo>
<referedAttribute>BEED1F44-78C8-DB08-A6D4-1CD28F9745C7</referedAttribute>
<useDomainConstraints>false</useDomainConstraints>
<use>1</use>
<logicalDatatype>LOGDT019</logicalDatatype>
<dataTypePrecision>4</dataTypePrecision>
<ownDataTypeParameters>,4,</ownDataTypeParameters>
</Attribute>
<Attribute name="port_code" id="83FE1443-6CC3-7E83-3FEE-D5AF0A6E57BD">
<createdBy>MIKE</createdBy>
<createdTime>2022-04-24 07:39:09 UTC</createdTime>
<commentInRDBMS><![CDATA[ port code recorded to identify the port]]></commentInRDBMS>
<generatorID>8B222182-F434-D3D5-0B6B-0CF73B79B55C</generatorID>
<ownerDesignName>Logical_Model</ownerDesignName>
<engineerTo>
<item key="2C0023F1-8BDE-5239-DEA7-82C82881DDE8" value="true"/>
</engineerTo>
<referedAttribute>DBF367B5-FEF4-47F6-F901-030734CB4982</referedAttribute>
<useDomainConstraints>false</useDomainConstraints>
<use>1</use>
<logicalDatatype>LOGDT024</logicalDatatype>
<dataTypeSize>7</dataTypeSize>
<ownDataTypeParameters>7,,</ownDataTypeParameters>
</Attribute>
<Attribute name="trip_arr_dt" id="2E2FFF32-CB9F-26CC-824B-EF776B9021F0">
<createdBy>MIKE</createdBy>
<createdTime>2022-04-24 07:34:58 UTC</createdTime>
<commentInRDBMS><![CDATA[arrival times for a given cruise.]]></commentInRDBMS>
<ownerDesignName>Logical_Model</ownerDesignName>
<engineerTo>
<item key="2C0023F1-8BDE-5239-DEA7-82C82881DDE8" value="true"/>
</engineerTo>
<useDomainConstraints>false</useDomainConstraints>
<use>1</use>
<logicalDatatype>LOGDT007</logicalDatatype>
<ownDataTypeParameters>,,</ownDataTypeParameters>
</Attribute>
<Attribute name="trip_dep_dt" id="5A6B581C-5CB1-75D7-93FB-15D023530D2A">
<createdBy>MIKE</createdBy>
<createdTime>2022-04-24 07:34:58 UTC</createdTime>
<commentInRDBMS><![CDATA[departure times for a given cruise.]]></commentInRDBMS>
<ownerDesignName>Logical_Model</ownerDesignName>
<engineerTo>
<item key="2C0023F1-8BDE-5239-DEA7-82C82881DDE8" value="true"/>
</engineerTo>
<useDomainConstraints>false</useDomainConstraints>
<use>1</use>
<logicalDatatype>LOGDT007</logicalDatatype>
<ownDataTypeParameters>,,</ownDataTypeParameters>
</Attribute>
</attributes>
<identifiers itemClass="oracle.dbtools.crest.model.design.logical.CandidateKey">
<identifier id="8219A4F2-8637-EA97-24BB-79822BFA72B7" name="TRIP PK">
<createdBy>MIKE</createdBy>
<createdTime>2022-04-24 07:35:23 UTC</createdTime>
<ownerDesignName>Logical_Model</ownerDesignName>
<shouldEngineer>false</shouldEngineer>
<engineerTo>
<item key="2C0023F1-8BDE-5239-DEA7-82C82881DDE8" value="false"/>
</engineerTo>
<pk>true</pk>
<usedAttributes>
<attributeRef>AA31998A-DA0A-ED85-83FE-4F3EDB225838</attributeRef>
<attributeRef>83FE1443-6CC3-7E83-3FEE-D5AF0A6E57BD</attributeRef>
</usedAttributes>
</identifier>
</identifiers>
</Entity>
