<?xml version = '1.0' encoding = 'UTF-8'?>
<Entity class="oracle.dbtools.crest.model.design.logical.Entity" directorySegmentName="seg_0" id="A6798D7F-A9D5-9B30-E1A3-B29FF8AF4709" name="COMMENTARY_LANGUAGE">
<createdBy>MIKE</createdBy>
<createdTime>2022-04-24 08:33:05 UTC</createdTime>
<ownerDesignName>Logical_Model</ownerDesignName>
<engineerTo>
<item key="2C0023F1-8BDE-5239-DEA7-82C82881DDE8" value="true"/>
</engineerTo>
<adequatelyNormalized>NO</adequatelyNormalized>
<expectedVolumes>0</expectedVolumes>
<fwdEngineeringStrategyName>Single Table</fwdEngineeringStrategyName>
<growthPercent>0</growthPercent>
<growthType>Year</growthType>
<maxVolumes>9999999</maxVolumes>
<minVolumes>0</minVolumes>
<normalForm>Third</normalForm>
<attributes itemClass="oracle.dbtools.crest.model.design.logical.Attribute">
<Attribute name="tour_no" id="D4D3CDD6-CC95-ACDA-3902-00A2A439F05B">
<createdBy>MIKE</createdBy>
<createdTime>2022-04-24 08:35:56 UTC</createdTime>
<commentInRDBMS><![CDATA[a tour number]]></commentInRDBMS>
<generatorID>428E0BAE-E9E9-17F3-2B00-3344104102B8</generatorID>
<ownerDesignName>Logical_Model</ownerDesignName>
<engineerTo>
<item key="2C0023F1-8BDE-5239-DEA7-82C82881DDE8" value="true"/>
</engineerTo>
<referedAttribute>1AD86042-F855-9DE1-791E-0169D77B2E66</referedAttribute>
<useDomainConstraints>false</useDomainConstraints>
<use>1</use>
<logicalDatatype>LOGDT019</logicalDatatype>
<dataTypePrecision>2</dataTypePrecision>
<ownDataTypeParameters>,2,</ownDataTypeParameters>
</Attribute>
<Attribute name="port_code" id="7F6DEE29-E2B9-5865-848B-1D59AB8A94DD">
<createdBy>MIKE</createdBy>
<createdTime>2022-04-24 08:35:56 UTC</createdTime>
<commentInRDBMS><![CDATA[ port code recorded to identify the port]]></commentInRDBMS>
<generatorID>428E0BAE-E9E9-17F3-2B00-3344104102B8</generatorID>
<ownerDesignName>Logical_Model</ownerDesignName>
<engineerTo>
<item key="2C0023F1-8BDE-5239-DEA7-82C82881DDE8" value="true"/>
</engineerTo>
<referedAttribute>2E3515EE-1A61-BA8B-384F-DA80E8099F28</referedAttribute>
<useDomainConstraints>false</useDomainConstraints>
<use>1</use>
<logicalDatatype>LOGDT024</logicalDatatype>
<dataTypeSize>7</dataTypeSize>
<ownDataTypeParameters>7,,</ownDataTypeParameters>
</Attribute>
<Attribute name="language_name" id="997DB847-34E1-3601-C5F7-82608F610B88">
<createdBy>MIKE</createdBy>
<createdTime>2022-04-24 08:36:49 UTC</createdTime>
<commentInRDBMS><![CDATA[commentary language]]></commentInRDBMS>
<ownerDesignName>Logical_Model</ownerDesignName>
<engineerTo>
<item key="2C0023F1-8BDE-5239-DEA7-82C82881DDE8" value="true"/>
</engineerTo>
<useDomainConstraints>false</useDomainConstraints>
<use>1</use>
<logicalDatatype>LOGDT024</logicalDatatype>
<dataTypeSize>50</dataTypeSize>
<ownDataTypeParameters>50,,</ownDataTypeParameters>
</Attribute>
</attributes>
<identifiers itemClass="oracle.dbtools.crest.model.design.logical.CandidateKey">
<identifier id="790B1E91-D868-A1E8-626A-B2D3F2652B8C" name="COMMENTARY_LANGUAGE PK">
<createdBy>MIKE</createdBy>
<createdTime>2022-04-24 08:36:02 UTC</createdTime>
<ownerDesignName>Logical_Model</ownerDesignName>
<shouldEngineer>false</shouldEngineer>
<engineerTo>
<item key="2C0023F1-8BDE-5239-DEA7-82C82881DDE8" value="false"/>
</engineerTo>
<pk>true</pk>
<usedAttributes>
<attributeRef>D4D3CDD6-CC95-ACDA-3902-00A2A439F05B</attributeRef>
<attributeRef>7F6DEE29-E2B9-5865-848B-1D59AB8A94DD</attributeRef>
<attributeRef>997DB847-34E1-3601-C5F7-82608F610B88</attributeRef>
</usedAttributes>
</identifier>
</identifiers>
</Entity>
