<?xml version = '1.0' encoding = 'UTF-8'?>
<Entity class="oracle.dbtools.crest.model.design.logical.Entity" directorySegmentName="seg_0" id="C522EDF6-2A05-785F-55AB-5B497002A6CB" name="SHIP">
<createdBy>MIKE</createdBy>
<createdTime>2022-04-22 05:19:22 UTC</createdTime>
<ownerDesignName>Logical_Model</ownerDesignName>
<engineerTo>
<item key="2C0023F1-8BDE-5239-DEA7-82C82881DDE8" value="true"/>
</engineerTo>
<adequatelyNormalized>NO</adequatelyNormalized>
<expectedVolumes>0</expectedVolumes>
<fwdEngineeringStrategyName>Single Table</fwdEngineeringStrategyName>
<growthPercent>0</growthPercent>
<growthType>Year</growthType>
<maxVolumes>9999999</maxVolumes>
<minVolumes>0</minVolumes>
<normalForm>Third</normalForm>
<attributes itemClass="oracle.dbtools.crest.model.design.logical.Attribute">
<Attribute name="ship_id" id="E01A0D4F-78BD-3DCC-9FE9-19FAF1364CD4">
<createdBy>MIKE</createdBy>
<createdTime>2022-04-24 06:46:37 UTC</createdTime>
<commentInRDBMS><![CDATA[a ship code to identify the ship]]></commentInRDBMS>
<ownerDesignName>Logical_Model</ownerDesignName>
<engineerTo>
<item key="2C0023F1-8BDE-5239-DEA7-82C82881DDE8" value="true"/>
</engineerTo>
<useDomainConstraints>false</useDomainConstraints>
<use>1</use>
<logicalDatatype>LOGDT019</logicalDatatype>
<dataTypePrecision>10</dataTypePrecision>
<ownDataTypeParameters>,10,</ownDataTypeParameters>
</Attribute>
<Attribute name="ship_name" id="7E57675C-24A5-75E2-DE20-834F0344BAC0">
<createdBy>MIKE</createdBy>
<createdTime>2022-04-24 06:46:37 UTC</createdTime>
<commentInRDBMS><![CDATA[ship's name]]></commentInRDBMS>
<ownerDesignName>Logical_Model</ownerDesignName>
<engineerTo>
<item key="2C0023F1-8BDE-5239-DEA7-82C82881DDE8" value="true"/>
</engineerTo>
<useDomainConstraints>false</useDomainConstraints>
<use>1</use>
<logicalDatatype>LOGDT024</logicalDatatype>
<dataTypeSize>30</dataTypeSize>
<ownDataTypeParameters>30,,</ownDataTypeParameters>
</Attribute>
<Attribute name="ship_commissioned_date" id="38483BF5-2636-9920-9E33-39440F2027C0">
<createdBy>MIKE</createdBy>
<createdTime>2022-04-24 06:46:37 UTC</createdTime>
<commentInRDBMS><![CDATA[e date the ship was commissioned]]></commentInRDBMS>
<ownerDesignName>Logical_Model</ownerDesignName>
<engineerTo>
<item key="2C0023F1-8BDE-5239-DEA7-82C82881DDE8" value="true"/>
</engineerTo>
<useDomainConstraints>false</useDomainConstraints>
<use>1</use>
<logicalDatatype>LOGDT007</logicalDatatype>
<ownDataTypeParameters>,,</ownDataTypeParameters>
</Attribute>
<Attribute name="ship_tonnage" id="7317C0BF-6F75-CD47-AE8A-727228B7A5D2">
<createdBy>MIKE</createdBy>
<createdTime>2022-04-24 06:46:37 UTC</createdTime>
<commentInRDBMS><![CDATA[ship's tonnage,]]></commentInRDBMS>
<ownerDesignName>Logical_Model</ownerDesignName>
<engineerTo>
<item key="2C0023F1-8BDE-5239-DEA7-82C82881DDE8" value="true"/>
</engineerTo>
<useDomainConstraints>false</useDomainConstraints>
<use>1</use>
<logicalDatatype>LOGDT019</logicalDatatype>
<dataTypePrecision>5</dataTypePrecision>
<ownDataTypeParameters>,5,</ownDataTypeParameters>
</Attribute>
<Attribute name="ship_max_guest" id="D317F689-8489-44F0-0511-68A34856BD26">
<createdBy>MIKE</createdBy>
<createdTime>2022-04-24 06:46:41 UTC</createdTime>
<commentInRDBMS><![CDATA[s maximum guest capacity]]></commentInRDBMS>
<ownerDesignName>Logical_Model</ownerDesignName>
<engineerTo>
<item key="2C0023F1-8BDE-5239-DEA7-82C82881DDE8" value="true"/>
</engineerTo>
<useDomainConstraints>false</useDomainConstraints>
<use>1</use>
<logicalDatatype>LOGDT019</logicalDatatype>
<dataTypePrecision>4</dataTypePrecision>
<ownDataTypeParameters>,4,</ownDataTypeParameters>
</Attribute>
<Attribute name="ship_reg_country" id="C7D707EF-E549-0BE1-7165-D0CA0D7968FD">
<createdBy>MIKE</createdBy>
<createdTime>2022-04-24 06:46:41 UTC</createdTime>
<commentInRDBMS><![CDATA[e name of the country in which the ship is registered.]]></commentInRDBMS>
<ownerDesignName>Logical_Model</ownerDesignName>
<engineerTo>
<item key="2C0023F1-8BDE-5239-DEA7-82C82881DDE8" value="true"/>
</engineerTo>
<useDomainConstraints>false</useDomainConstraints>
<use>1</use>
<logicalDatatype>LOGDT024</logicalDatatype>
<dataTypeSize>10</dataTypeSize>
<ownDataTypeParameters>10,,</ownDataTypeParameters>
</Attribute>
<Attribute name="ctry_code" id="4823E633-D967-110F-2E9F-65943283CC90">
<createdBy>MIKE</createdBy>
<createdTime>2022-04-24 07:49:04 UTC</createdTime>
<commentInRDBMS><![CDATA[ISO country code]]></commentInRDBMS>
<generatorID>3F397DAC-BF4B-76E5-AADD-9C2B9675B09E</generatorID>
<ownerDesignName>Logical_Model</ownerDesignName>
<engineerTo>
<item key="2C0023F1-8BDE-5239-DEA7-82C82881DDE8" value="true"/>
</engineerTo>
<referedAttribute>71B04762-4452-88CA-0FC3-9E1EF5A16A91</referedAttribute>
<useDomainConstraints>false</useDomainConstraints>
<use>1</use>
<logicalDatatype>LOGDT024</logicalDatatype>
<dataTypeSize>15</dataTypeSize>
<ownDataTypeParameters>15,,</ownDataTypeParameters>
</Attribute>
<Attribute name="operator_id" id="DFFF8D44-283D-1E18-FABF-33984A335A3E">
<createdBy>MIKE</createdBy>
<createdTime>2022-04-26 09:21:10 UTC</createdTime>
<commentInRDBMS><![CDATA[company's id]]></commentInRDBMS>
<generatorID>B54F5F93-AF18-E03F-1672-4B4D51D16594</generatorID>
<ownerDesignName>Logical_Model</ownerDesignName>
<engineerTo>
<item key="2C0023F1-8BDE-5239-DEA7-82C82881DDE8" value="true"/>
</engineerTo>
<referedAttribute>2EA1C67F-3BCE-4A65-25E6-52CAA88A5CC0</referedAttribute>
<useDomainConstraints>false</useDomainConstraints>
<use>1</use>
<logicalDatatype>LOGDT019</logicalDatatype>
<dataTypePrecision>10</dataTypePrecision>
<ownDataTypeParameters>,10,</ownDataTypeParameters>
</Attribute>
</attributes>
<identifiers itemClass="oracle.dbtools.crest.model.design.logical.CandidateKey">
<identifier id="D6B14D64-39A6-46EA-4457-9D045FF0FCF2" name="SHIP PK">
<createdBy>MIKE</createdBy>
<createdTime>2022-04-24 06:47:05 UTC</createdTime>
<ownerDesignName>Logical_Model</ownerDesignName>
<shouldEngineer>false</shouldEngineer>
<engineerTo>
<item key="2C0023F1-8BDE-5239-DEA7-82C82881DDE8" value="false"/>
</engineerTo>
<pk>true</pk>
<usedAttributes>
<attributeRef>E01A0D4F-78BD-3DCC-9FE9-19FAF1364CD4</attributeRef>
</usedAttributes>
</identifier>
</identifiers>
</Entity>
