<?xml version = '1.0' encoding = 'UTF-8'?>
<Entity class="oracle.dbtools.crest.model.design.logical.Entity" directorySegmentName="seg_0" id="FB5683DF-AC5E-B666-5000-C040E3E80865" name="PORT_TEMPERATURE">
<createdBy>MIKE</createdBy>
<createdTime>2022-04-24 07:58:25 UTC</createdTime>
<ownerDesignName>Logical_Model</ownerDesignName>
<engineerTo>
<item key="2C0023F1-8BDE-5239-DEA7-82C82881DDE8" value="true"/>
</engineerTo>
<adequatelyNormalized>NO</adequatelyNormalized>
<expectedVolumes>0</expectedVolumes>
<fwdEngineeringStrategyName>Single Table</fwdEngineeringStrategyName>
<growthPercent>0</growthPercent>
<growthType>Year</growthType>
<maxVolumes>9999999</maxVolumes>
<minVolumes>0</minVolumes>
<normalForm>Third</normalForm>
<attributes itemClass="oracle.dbtools.crest.model.design.logical.Attribute">
<Attribute name="port_code" id="9E1FC2B1-E0E3-A63E-B434-9416699B6AE3">
<createdBy>MIKE</createdBy>
<createdTime>2022-04-24 07:58:44 UTC</createdTime>
<commentInRDBMS><![CDATA[ port code recorded to identify the port]]></commentInRDBMS>
<generatorID>65562F3F-07CE-45C6-BE9E-D76B542A0AE5</generatorID>
<ownerDesignName>Logical_Model</ownerDesignName>
<engineerTo>
<item key="2C0023F1-8BDE-5239-DEA7-82C82881DDE8" value="true"/>
</engineerTo>
<referedAttribute>DBF367B5-FEF4-47F6-F901-030734CB4982</referedAttribute>
<useDomainConstraints>false</useDomainConstraints>
<use>1</use>
<logicalDatatype>LOGDT024</logicalDatatype>
<dataTypeSize>7</dataTypeSize>
<ownDataTypeParameters>7,,</ownDataTypeParameters>
</Attribute>
<Attribute name="port_temp_mth" id="DC244D72-9416-2839-8ECB-AC74E1337277">
<createdBy>MIKE</createdBy>
<createdTime>2022-04-24 07:59:06 UTC</createdTime>
<commentInRDBMS><![CDATA[month recorded]]></commentInRDBMS>
<ownerDesignName>Logical_Model</ownerDesignName>
<engineerTo>
<item key="2C0023F1-8BDE-5239-DEA7-82C82881DDE8" value="true"/>
</engineerTo>
<useDomainConstraints>false</useDomainConstraints>
<use>1</use>
<logicalDatatype>LOGDT025</logicalDatatype>
<dataTypeSize>3</dataTypeSize>
<ownDataTypeParameters>3,,</ownDataTypeParameters>
</Attribute>
<Attribute name="port_temp_avg_high" id="213258CF-2F59-9419-B89D-2FBA45849F23">
<createdBy>MIKE</createdBy>
<createdTime>2022-04-24 07:59:07 UTC</createdTime>
<commentInRDBMS><![CDATA[average highest temperature]]></commentInRDBMS>
<ownerDesignName>Logical_Model</ownerDesignName>
<engineerTo>
<item key="2C0023F1-8BDE-5239-DEA7-82C82881DDE8" value="true"/>
</engineerTo>
<useDomainConstraints>false</useDomainConstraints>
<use>1</use>
<logicalDatatype>LOGDT019</logicalDatatype>
<dataTypePrecision>2</dataTypePrecision>
<ownDataTypeParameters>,2,</ownDataTypeParameters>
</Attribute>
<Attribute name="port_temp_avg_low" id="EDE8A0B6-0DEA-EE29-9E2A-3D1B5EDCF58C">
<createdBy>MIKE</createdBy>
<createdTime>2022-04-24 07:59:08 UTC</createdTime>
<commentInRDBMS><![CDATA[average lowest temperature]]></commentInRDBMS>
<ownerDesignName>Logical_Model</ownerDesignName>
<engineerTo>
<item key="2C0023F1-8BDE-5239-DEA7-82C82881DDE8" value="true"/>
</engineerTo>
<useDomainConstraints>false</useDomainConstraints>
<use>1</use>
<logicalDatatype>LOGDT019</logicalDatatype>
<dataTypePrecision>2</dataTypePrecision>
<ownDataTypeParameters>,2,</ownDataTypeParameters>
</Attribute>
</attributes>
<identifiers itemClass="oracle.dbtools.crest.model.design.logical.CandidateKey">
<identifier id="37E3AFCC-8AD8-8C35-BF1C-9837A8B6F219" name="PORT_TEMPERATURE PK">
<createdBy>MIKE</createdBy>
<createdTime>2022-04-24 07:58:55 UTC</createdTime>
<ownerDesignName>Logical_Model</ownerDesignName>
<shouldEngineer>false</shouldEngineer>
<engineerTo>
<item key="2C0023F1-8BDE-5239-DEA7-82C82881DDE8" value="false"/>
</engineerTo>
<pk>true</pk>
<usedAttributes>
<attributeRef>9E1FC2B1-E0E3-A63E-B434-9416699B6AE3</attributeRef>
<attributeRef>DC244D72-9416-2839-8ECB-AC74E1337277</attributeRef>
</usedAttributes>
</identifier>
</identifiers>
</Entity>
